,Total,No_participants,Amount_won,Amount_lost,1,2,3,4,Study_Type_Fridberg,Study_Type_Horstmann,Study_Type_Kjome,Study_Type_Maia,Study_Type_Premkumar,Study_Type_Steingroever2011,Study_Type_SteingroverInPrep,Study_Type_Wetzels,Study_Type_Wood,Study_Type_Worthy
0,0.675,95,0.05291005291005302,0.8802488335925349,0.25,0.06293706293706294,0.013422818791946307,0.5259259259259259,1,0,0,0,0,0,0,0,0,0
1,0.446875,95,0.2063492063492064,0.67651632970451,0.5,0.18181818181818182,0.07382550335570469,0.24444444444444446,1,0,0,0,0,0,0,0,0,0
2,0.4375,95,0.19047619047619058,0.6811819595645412,0.25,0.24475524475524477,0.06040268456375839,0.2814814814814815,1,0,0,0,0,0,0,0,0,0
3,0.465625,95,0.17989417989418,0.7013996889580093,0.22916666666666666,0.23776223776223776,0.07382550335570469,0.2814814814814815,1,0,0,0,0,0,0,0,0,0
4,0.54375,95,0.12169312169312174,0.7744945567651633,0.20833333333333331,0.16783216783216784,0.09395973154362415,0.34074074074074073,1,0,0,0,0,0,0,0,0,0
5,0.6875,95,0.06878306878306883,0.8771384136858476,0.125,0.1258741258741259,0.12751677852348994,0.37777777777777777,1,0,0,0,0,0,0,0,0,0
6,0.5125,95,0.2063492063492064,0.7091757387247277,0.3958333333333333,0.21678321678321677,0.04697986577181208,0.2740740740740741,1,0,0,0,0,0,0,0,0,0
7,0.55,95,0.1534391534391535,0.7589424572317263,0.25,0.1958041958041958,0.06040268456375839,0.33333333333333337,1,0,0,0,0,0,0,0,0,0
8,0.459375,95,0.17460317460317465,0.7013996889580093,0.20833333333333331,0.23776223776223776,0.07382550335570469,0.2888888888888889,1,0,0,0,0,0,0,0,0,0
9,0.715625,95,0.0634920634920636,0.8942457231726282,0.0625,0.13986013986013987,0.07382550335570469,0.4444444444444445,1,0,0,0,0,0,0,0,0,0
10,0.4875,95,0.22751322751322756,0.6842923794712286,0.29166666666666663,0.27972027972027974,0.053691275167785234,0.23703703703703705,1,0,0,0,0,0,0,0,0,0
11,0.490625,95,0.24338624338624348,0.67651632970451,0.3125,0.2937062937062937,0.10738255033557047,0.15555555555555556,1,0,0,0,0,0,0,0,0,0
12,0.5875,95,0.15873015873015883,0.7744945567651633,0.22916666666666666,0.2097902097902098,0.087248322147651,0.2962962962962963,1,0,0,0,0,0,0,0,0,0
13,0.478125,95,0.21164021164021174,0.6889580093312597,0.29166666666666663,0.25874125874125875,0.10738255033557047,0.2,1,0,0,0,0,0,0,0,0,0
14,0.5875,95,0.10582010582010593,0.8055987558320372,0.29166666666666663,0.11888111888111888,0.1476510067114094,0.3037037037037037,1,0,0,0,0,0,0,0,0,0
15,0.30625,100,0.3015873015873016,0.5505443234836702,0.4375,0.2937062937062937,0.09395973154362415,0.16296296296296298,0,1,0,0,0,0,0,0,0,0
16,0.43125,100,0.22751322751322756,0.6562986003110419,0.29166666666666663,0.24475524475524477,0.11409395973154361,0.24444444444444446,0,1,0,0,0,0,0,0,0,0
17,0.475,100,0.3015873015873016,0.6345256609642301,0.4375,0.2937062937062937,0.04026845637583893,0.22222222222222224,0,1,0,0,0,0,0,0,0,0
18,0.68125,100,0.16402116402116407,0.8180404354587869,0.2708333333333333,0.16783216783216784,0.18120805369127518,0.25925925925925924,0,1,0,0,0,0,0,0,0,0
19,0.36875,100,0.21164021164021174,0.6345256609642301,0.3125,0.21678321678321677,0.18120805369127518,0.1925925925925926,0,1,0,0,0,0,0,0,0,0
20,0.38125,100,0.42328042328042337,0.5163297045101088,0.25,0.5174825174825175,0.03355704697986577,0.05925925925925926,0,1,0,0,0,0,0,0,0,0
21,0.58125,100,0.24867724867724872,0.71850699844479,0.29166666666666663,0.2727272727272727,0.07382550335570469,0.25925925925925924,0,1,0,0,0,0,0,0,0,0
22,0.40625,100,0.24338624338624348,0.6345256609642301,0.625,0.15384615384615385,0.15436241610738255,0.17777777777777778,0,1,0,0,0,0,0,0,0,0
23,0.61875,100,0.24867724867724872,0.7371695178849145,0.29166666666666663,0.2727272727272727,0.06711409395973154,0.26666666666666666,0,1,0,0,0,0,0,0,0,0
24,0.51875,100,0.306878306878307,0.6531881804043546,0.3958333333333333,0.3146853146853147,0.09395973154362415,0.15555555555555556,0,1,0,0,0,0,0,0,0,0
25,0.5375,100,0.26455026455026465,0.6874027993779159,0.4583333333333333,0.23776223776223776,0.174496644295302,0.12592592592592594,0,1,0,0,0,0,0,0,0,0
26,0.55,100,0.2063492063492064,0.7278382581648521,0.35416666666666663,0.1958041958041958,0.19463087248322147,0.1851851851851852,0,1,0,0,0,0,0,0,0,0
27,0.525,100,0.17989417989418,0.7309486780715396,0.0625,0.25874125874125875,0.16107382550335572,0.25925925925925924,0,1,0,0,0,0,0,0,0,0
28,0.50625,100,0.2328042328042329,0.6905132192846034,0.2708333333333333,0.25874125874125875,0.24161073825503357,0.0962962962962963,0,1,0,0,0,0,0,0,0,0
29,0.5375,100,0.23809523809523814,0.702954898911353,0.41666666666666663,0.21678321678321677,0.14093959731543626,0.2,0,1,0,0,0,0,0,0,0,0
30,0.6125,100,0.17989417989418,0.7744945567651633,0.16666666666666666,0.22377622377622378,0.28187919463087246,0.12592592592592594,0,1,0,0,0,0,0,0,0,0
31,0.34375,100,0.3915343915343916,0.5163297045101088,0.20833333333333331,0.48951048951048953,0.06711409395973154,0.06666666666666667,0,1,0,0,0,0,0,0,0,0
32,0.425,100,0.2328042328042329,0.6500777604976672,0.10416666666666666,0.3146853146853147,0.006711409395973154,0.35555555555555557,0,1,0,0,0,0,0,0,0,0
33,0.5,100,0.2962962962962964,0.6500777604976672,0.4375,0.2867132867132867,0.10067114093959731,0.16296296296296298,0,1,0,0,0,0,0,0,0,0
34,0.5875,100,0.22222222222222232,0.7371695178849145,0.0625,0.3146853146853147,0.12080536912751678,0.24444444444444446,0,1,0,0,0,0,0,0,0,0
35,0.4375,100,0.25396825396825407,0.6438569206842923,0.5416666666666666,0.1958041958041958,0.10738255033557047,0.21481481481481482,0,1,0,0,0,0,0,0,0,0
36,0.60625,100,0.2857142857142858,0.7091757387247277,0.25,0.3356643356643357,0.10738255033557047,0.17037037037037037,0,1,0,0,0,0,0,0,0,0
37,0.41875,100,0.23809523809523814,0.6438569206842923,0.3333333333333333,0.24475524475524477,0.04697986577181208,0.3037037037037037,0,1,0,0,0,0,0,0,0,0
38,0.575,100,0.24338624338624348,0.71850699844479,0.375,0.23776223776223776,0.1342281879194631,0.2,0,1,0,0,0,0,0,0,0,0
39,0.65,100,0.15873015873015883,0.8055987558320372,0.35416666666666663,0.13286713286713286,0.348993288590604,0.08148148148148149,0,1,0,0,0,0,0,0,0,0
40,0.66875,100,0.0634920634920636,0.8709175738724728,0.22916666666666666,0.04895104895104895,0.18791946308724833,0.3925925925925926,0,1,0,0,0,0,0,0,0,0
41,0.49375,100,0.3015873015873016,0.6438569206842923,0.625,0.23076923076923078,0.11409395973154361,0.14074074074074075,0,1,0,0,0,0,0,0,0,0
42,0.55625,100,0.1534391534391535,0.7620528771384136,0.125,0.20279720279720279,0.06711409395973154,0.4,0,1,0,0,0,0,0,0,0,0
43,0.49375,100,0.28042328042328046,0.6562986003110419,0.5833333333333333,0.21678321678321677,0.06040268456375839,0.22962962962962963,0,1,0,0,0,0,0,0,0,0
44,0.58125,100,0.25396825396825407,0.7153965785381027,0.20833333333333331,0.3076923076923077,0.14093959731543626,0.17777777777777778,0,1,0,0,0,0,0,0,0,0
45,0.625,100,0.16402116402116407,0.7900466562986003,0.35416666666666663,0.13986013986013987,0.3288590604026846,0.0962962962962963,0,1,0,0,0,0,0,0,0,0
46,0.45625,100,0.22751322751322756,0.6687402799377916,0.5,0.17482517482517482,0.12751677852348994,0.22962962962962963,0,1,0,0,0,0,0,0,0,0
47,0.59375,100,0.15873015873015883,0.7776049766718507,0.14583333333333331,0.20279720279720279,0.08053691275167785,0.37777777777777777,0,1,0,0,0,0,0,0,0,0
48,0.48125,100,0.306878306878307,0.6345256609642301,0.22916666666666666,0.3706293706293706,0.03355704697986577,0.22222222222222224,0,1,0,0,0,0,0,0,0,0
49,0.6375,100,0.2328042328042329,0.7558320373250389,0.5416666666666666,0.16783216783216784,0.174496644295302,0.17037037037037037,0,1,0,0,0,0,0,0,0,0
50,0.49375,100,0.32804232804232814,0.6283048211508553,0.47916666666666663,0.3146853146853147,0.06040268456375839,0.16296296296296298,0,1,0,0,0,0,0,0,0,0
51,0.575,100,0.2592592592592593,0.7091757387247277,0.41666666666666663,0.24475524475524477,0.09395973154362415,0.22222222222222224,0,1,0,0,0,0,0,0,0,0
52,0.34375,100,0.3386243386243387,0.5474339035769828,0.0625,0.46853146853146854,0.026845637583892617,0.1851851851851852,0,1,0,0,0,0,0,0,0,0
53,0.26875,100,0.32804232804232814,0.5163297045101088,0.3333333333333333,0.36363636363636365,0.04697986577181208,0.17777777777777778,0,1,0,0,0,0,0,0,0,0
54,0.65625,100,0.16402116402116407,0.8055987558320372,0.041666666666666664,0.24475524475524477,0.22818791946308725,0.20740740740740743,0,1,0,0,0,0,0,0,0,0
55,0.575,100,0.16402116402116407,0.765163297045101,0.3125,0.15384615384615385,0.3087248322147651,0.11851851851851852,0,1,0,0,0,0,0,0,0,0
56,0.5375,100,0.2962962962962964,0.6687402799377916,0.5625,0.24475524475524477,0.12751677852348994,0.13333333333333333,0,1,0,0,0,0,0,0,0,0
57,0.525,100,0.25396825396825407,0.6874027993779159,0.3125,0.2727272727272727,0.12751677852348994,0.1925925925925926,0,1,0,0,0,0,0,0,0,0
58,0.4,100,0.24338624338624348,0.6314152410575428,0.6041666666666666,0.16083916083916083,0.020134228187919462,0.32592592592592595,0,1,0,0,0,0,0,0,0,0
59,0.36875,100,0.31746031746031755,0.5723172628304821,0.375,0.3356643356643357,0.12080536912751678,0.11111111111111112,0,1,0,0,0,0,0,0,0,0
60,0.49375,100,0.12169312169312174,0.749611197511664,0.14583333333333331,0.15384615384615385,0.06040268456375839,0.4518518518518519,0,1,0,0,0,0,0,0,0,0
61,0.5,100,0.22751322751322756,0.6905132192846034,0.4583333333333333,0.1888111888111888,0.06711409395973154,0.2962962962962963,0,1,0,0,0,0,0,0,0,0
62,0.4375,100,0.1693121693121694,0.6936236391912908,0.08333333333333333,0.23776223776223776,0.28859060402684567,0.13333333333333333,0,1,0,0,0,0,0,0,0,0
63,0.58125,100,0.24338624338624348,0.7216174183514774,0.35416666666666663,0.24475524475524477,0.06711409395973154,0.2740740740740741,0,1,0,0,0,0,0,0,0,0
64,0.24374999999999997,100,0.4021164021164022,0.46034214618973557,0.6041666666666666,0.3706293706293706,0.06040268456375839,0.05925925925925926,0,1,0,0,0,0,0,0,0,0
65,0.55625,100,0.20105820105820116,0.7340590979782271,0.7083333333333333,0.06993006993006994,0.10738255033557047,0.2888888888888889,0,1,0,0,0,0,0,0,0,0
66,0.425,100,0.26455026455026465,0.6314152410575428,0.1875,0.32867132867132864,0.026845637583892617,0.2888888888888889,0,1,0,0,0,0,0,0,0,0
67,0.31875,100,0.3492063492063493,0.5287713841368584,0.5208333333333333,0.32867132867132864,0.08053691275167785,0.11111111111111112,0,1,0,0,0,0,0,0,0,0
68,0.6625,100,0.14814814814814825,0.8180404354587869,0.020833333333333332,0.23076923076923078,0.0,0.4814814814814815,0,1,0,0,0,0,0,0,0,0
69,0.55625,100,0.19047619047619058,0.7402799377916018,0.041666666666666664,0.27972027972027974,0.14093959731543626,0.26666666666666666,0,1,0,0,0,0,0,0,0,0
70,0.54375,100,0.2063492063492064,0.7247278382581648,0.35416666666666663,0.1958041958041958,0.12080536912751678,0.26666666666666666,0,1,0,0,0,0,0,0,0,0
71,0.43125,100,0.2592592592592593,0.6376360808709175,0.35416666666666663,0.26573426573426573,0.12080536912751678,0.1925925925925926,0,1,0,0,0,0,0,0,0,0
72,0.44375,100,0.2857142857142858,0.6283048211508553,0.22916666666666666,0.34265734265734266,0.06040268456375839,0.22222222222222224,0,1,0,0,0,0,0,0,0,0
73,0.5125,100,0.2063492063492064,0.7091757387247277,0.10416666666666666,0.27972027972027974,0.2751677852348993,0.0962962962962963,0,1,0,0,0,0,0,0,0,0
74,0.39375,100,0.3597883597883599,0.5598755832037324,0.5416666666666666,0.3356643356643357,0.06711409395973154,0.11111111111111112,0,1,0,0,0,0,0,0,0,0
75,0.55625,100,0.17989417989418,0.7465007776049766,0.25,0.1958041958041958,0.28859060402684567,0.11851851851851852,0,1,0,0,0,0,0,0,0,0
76,0.74375,100,0.015873015873015928,0.9362363919129082,0.020833333333333332,0.055944055944055944,0.4697986577181208,0.14814814814814814,0,1,0,0,0,0,0,0,0,0
77,0.4875,100,0.22751322751322756,0.6842923794712286,0.4583333333333333,0.1888111888111888,0.1476510067114094,0.20740740740740743,0,1,0,0,0,0,0,0,0,0
78,0.68125,100,0.1428571428571429,0.8304821150855365,0.20833333333333331,0.16083916083916083,0.31543624161073824,0.14074074074074075,0,1,0,0,0,0,0,0,0,0
79,0.375,100,0.32804232804232814,0.5692068429237946,0.47916666666666663,0.3146853146853147,0.10738255033557047,0.11111111111111112,0,1,0,0,0,0,0,0,0,0
80,0.6,100,0.25396825396825407,0.7247278382581648,0.375,0.2517482517482518,0.15436241610738255,0.16296296296296298,0,1,0,0,0,0,0,0,0,0
81,0.5375,100,0.26455026455026465,0.6874027993779159,0.3125,0.2867132867132867,0.1342281879194631,0.17037037037037037,0,1,0,0,0,0,0,0,0,0
82,0.55625,100,0.24867724867724872,0.7060653188180404,0.41666666666666663,0.23076923076923078,0.04697986577181208,0.2888888888888889,0,1,0,0,0,0,0,0,0,0
83,0.71875,100,0.07407407407407418,0.8895800933125971,0.20833333333333331,0.06993006993006994,0.46308724832214765,0.07407407407407407,0,1,0,0,0,0,0,0,0,0
84,0.625,100,0.25396825396825407,0.7371695178849145,0.3125,0.2727272727272727,0.10738255033557047,0.21481481481481482,0,1,0,0,0,0,0,0,0,0
85,0.3625,100,0.27513227513227523,0.5940902021772939,0.5,0.23776223776223776,0.11409395973154361,0.17777777777777778,0,1,0,0,0,0,0,0,0,0
86,0.775,100,0.03703703703703709,0.9393468118195956,0.020833333333333332,0.08391608391608392,0.28187919463087246,0.32592592592592595,0,1,0,0,0,0,0,0,0,0
87,0.60625,100,0.22222222222222232,0.7465007776049766,0.5208333333333333,0.16083916083916083,0.1342281879194631,0.22962962962962963,0,1,0,0,0,0,0,0,0,0
88,0.675,100,0.08465608465608476,0.8615863141524105,0.041666666666666664,0.13986013986013987,0.03355704697986577,0.5333333333333333,0,1,0,0,0,0,0,0,0,0
89,0.49375,100,0.2698412698412699,0.6625194401244168,0.35416666666666663,0.27972027972027974,0.020134228187919462,0.2888888888888889,0,1,0,0,0,0,0,0,0,0
90,0.54375,100,0.2962962962962964,0.671850699844479,0.3125,0.32867132867132864,0.04697986577181208,0.22222222222222224,0,1,0,0,0,0,0,0,0,0
91,0.425,100,0.24338624338624348,0.6438569206842923,0.125,0.32167832167832167,0.04026845637583893,0.3037037037037037,0,1,0,0,0,0,0,0,0,0
92,0.575,100,0.09523809523809534,0.8055987558320372,0.020833333333333332,0.16083916083916083,0.020134228187919462,0.5333333333333333,0,1,0,0,0,0,0,0,0,0
93,0.475,100,0.2063492063492064,0.6905132192846034,0.4375,0.16783216783216784,0.1342281879194631,0.2518518518518519,0,1,0,0,0,0,0,0,0,0
94,0.63125,100,0.24338624338624348,0.7465007776049766,0.35416666666666663,0.24475524475524477,0.1342281879194631,0.2,0,1,0,0,0,0,0,0,0,0
95,0.54375,100,0.26455026455026465,0.6905132192846034,0.25,0.3076923076923077,0.11409395973154361,0.1925925925925926,0,1,0,0,0,0,0,0,0,0
96,0.45625,100,0.26455026455026465,0.6469673405909797,0.375,0.26573426573426573,0.087248322147651,0.22222222222222224,0,1,0,0,0,0,0,0,0,0
97,0.5625,100,0.15873015873015883,0.7620528771384136,0.22916666666666666,0.17482517482517482,0.20134228187919465,0.24444444444444446,0,1,0,0,0,0,0,0,0,0
98,0.6625,100,0.2063492063492064,0.7838258164852254,0.125,0.2727272727272727,0.03355704697986577,0.362962962962963,0,1,0,0,0,0,0,0,0,0
99,0.38125,100,0.3650793650793651,0.5505443234836702,0.041666666666666664,0.5104895104895105,0.013422818791946307,0.16296296296296298,0,1,0,0,0,0,0,0,0,0
100,0.51875,100,0.2698412698412699,0.6749611197511663,0.35416666666666663,0.27972027972027974,0.08053691275167785,0.22222222222222224,0,1,0,0,0,0,0,0,0,0
101,0.6625,100,0.0,0.9051321928460342,0.10416666666666666,0.006993006993006993,0.006711409395973154,0.6814814814814815,0,1,0,0,0,0,0,0,0,0
102,0.22499999999999998,100,0.39682539682539686,0.4541213063763607,0.7291666666666666,0.32167832167832167,0.013422818791946307,0.11851851851851852,0,1,0,0,0,0,0,0,0,0
103,0.48125,100,0.15873015873015883,0.7216174183514774,0.2708333333333333,0.16083916083916083,0.24161073825503357,0.2,0,1,0,0,0,0,0,0,0,0
104,0.36875,100,0.3756613756613757,0.5381026438569206,0.35416666666666663,0.4195804195804196,0.04026845637583893,0.11851851851851852,0,1,0,0,0,0,0,0,0,0
105,0.68125,100,0.0,0.9144634525660964,0.041666666666666664,0.027972027972027972,0.5570469798657718,0.07407407407407407,0,1,0,0,0,0,0,0,0,0
106,0.55625,100,0.3015873015873016,0.6749611197511663,0.5208333333333333,0.26573426573426573,0.11409395973154361,0.14074074074074075,0,1,0,0,0,0,0,0,0,0
107,0.63125,100,0.21164021164021174,0.765163297045101,0.4375,0.17482517482517482,0.10738255033557047,0.2740740740740741,0,1,0,0,0,0,0,0,0,0
108,0.64375,100,0.17460317460317465,0.7931570762052877,0.3125,0.16783216783216784,0.2214765100671141,0.2,0,1,0,0,0,0,0,0,0,0
109,0.46875,100,0.2592592592592593,0.6562986003110419,0.375,0.25874125874125875,0.07382550335570469,0.24444444444444446,0,1,0,0,0,0,0,0,0,0
110,0.59375,100,0.1957671957671958,0.7558320373250389,0.2708333333333333,0.2097902097902098,0.18120805369127518,0.21481481481481482,0,1,0,0,0,0,0,0,0,0
111,0.5,100,0.21693121693121697,0.6967340590979783,0.1875,0.26573426573426573,0.08053691275167785,0.2962962962962963,0,1,0,0,0,0,0,0,0,0
112,0.49375,100,0.29100529100529104,0.6500777604976672,0.35416666666666663,0.3076923076923077,0.04697986577181208,0.22962962962962963,0,1,0,0,0,0,0,0,0,0
113,0.60625,100,0.2592592592592593,0.7247278382581648,0.375,0.25874125874125875,0.11409395973154361,0.2,0,1,0,0,0,0,0,0,0,0
114,0.58125,100,0.22751322751322756,0.7309486780715396,0.35416666666666663,0.22377622377622378,0.10067114093959731,0.25925925925925924,0,1,0,0,0,0,0,0,0,0
115,0.6625,100,0.2063492063492064,0.7838258164852254,0.22916666666666666,0.23776223776223776,0.053691275167785234,0.34074074074074073,0,1,0,0,0,0,0,0,0,0
116,0.6,100,0.04761904761904767,0.8460342146189735,0.041666666666666664,0.09090909090909091,0.436241610738255,0.14074074074074075,0,1,0,0,0,0,0,0,0,0
117,0.39375,100,0.3650793650793651,0.5567651632970451,0.041666666666666664,0.5104895104895105,0.03355704697986577,0.14074074074074075,0,1,0,0,0,0,0,0,0,0
118,0.61875,100,0.1957671957671958,0.7682737169517885,0.2708333333333333,0.2097902097902098,0.12080536912751678,0.2814814814814815,0,1,0,0,0,0,0,0,0,0
119,0.5375,100,0.22222222222222232,0.7122861586314152,0.3958333333333333,0.20279720279720279,0.1476510067114094,0.21481481481481482,0,1,0,0,0,0,0,0,0,0
120,0.55,100,0.23809523809523814,0.7091757387247277,0.1875,0.2937062937062937,0.09395973154362415,0.2518518518518519,0,1,0,0,0,0,0,0,0,0
121,0.63125,100,0.1957671957671958,0.7744945567651633,0.14583333333333331,0.2517482517482518,0.04026845637583893,0.3703703703703704,0,1,0,0,0,0,0,0,0,0
122,0.49375,100,0.24338624338624348,0.6780715396578538,0.5,0.1958041958041958,0.1342281879194631,0.2,0,1,0,0,0,0,0,0,0,0
123,0.61875,100,0.07936507936507942,0.8367029548989113,0.2708333333333333,0.055944055944055944,0.2214765100671141,0.33333333333333337,0,1,0,0,0,0,0,0,0,0
124,0.64375,100,0.13227513227513232,0.8180404354587869,0.25,0.13286713286713286,0.1342281879194631,0.35555555555555557,0,1,0,0,0,0,0,0,0,0
125,0.58125,100,0.27513227513227523,0.702954898911353,0.22916666666666666,0.32867132867132864,0.08053691275167785,0.21481481481481482,0,1,0,0,0,0,0,0,0,0
126,0.21875,100,0.4391534391534392,0.4261275272161742,0.6666666666666666,0.3986013986013986,0.03355704697986577,0.037037037037037035,0,1,0,0,0,0,0,0,0,0
127,0.60625,100,0.2063492063492064,0.7558320373250389,0.3333333333333333,0.20279720279720279,0.07382550335570469,0.31851851851851853,0,1,0,0,0,0,0,0,0,0
128,0.53125,100,0.17460317460317465,0.7371695178849145,0.4375,0.1258741258741259,0.07382550335570469,0.362962962962963,0,1,0,0,0,0,0,0,0,0
129,0.43125,100,0.22751322751322756,0.6562986003110419,0.5,0.17482517482517482,0.11409395973154361,0.24444444444444446,0,1,0,0,0,0,0,0,0,0
130,0.54375,100,0.24867724867724872,0.6998444790046656,0.3958333333333333,0.23776223776223776,0.1476510067114094,0.17777777777777778,0,1,0,0,0,0,0,0,0,0
131,0.3375,100,0.2857142857142858,0.5754276827371695,0.3958333333333333,0.2867132867132867,0.020134228187919462,0.26666666666666666,0,1,0,0,0,0,0,0,0,0
132,0.2625,100,0.4497354497354499,0.44167962674961114,0.41666666666666663,0.4965034965034965,0.04697986577181208,0.007407407407407408,0,1,0,0,0,0,0,0,0,0
133,0.45,100,0.3121693121693122,0.6158631415241057,0.0625,0.43356643356643354,0.03355704697986577,0.21481481481481482,0,1,0,0,0,0,0,0,0,0
134,0.675,100,0.21164021164021174,0.7869362363919128,0.35416666666666663,0.20279720279720279,0.1476510067114094,0.22962962962962963,0,1,0,0,0,0,0,0,0,0
135,0.54375,100,0.1693121693121694,0.7465007776049766,0.22916666666666666,0.1888111888111888,0.07382550335570469,0.3703703703703704,0,1,0,0,0,0,0,0,0,0
136,0.675,100,0.20105820105820116,0.7931570762052877,0.3958333333333333,0.17482517482517482,0.08053691275167785,0.31851851851851853,0,1,0,0,0,0,0,0,0,0
137,0.63125,100,0.21164021164021174,0.765163297045101,0.41666666666666663,0.18181818181818182,0.12751677852348994,0.2518518518518519,0,1,0,0,0,0,0,0,0,0
138,0.35,100,0.306878306878307,0.5692068429237946,0.20833333333333331,0.3776223776223776,0.10067114093959731,0.14814814814814814,0,1,0,0,0,0,0,0,0,0
139,0.5375,100,0.18518518518518523,0.7340590979782271,0.29166666666666663,0.1888111888111888,0.12080536912751678,0.2962962962962963,0,1,0,0,0,0,0,0,0,0
140,0.5875,100,0.15873015873015883,0.7744945567651633,0.08333333333333333,0.22377622377622378,0.19463087248322147,0.2518518518518519,0,1,0,0,0,0,0,0,0,0
141,0.50625,100,0.2857142857142858,0.6594090202177294,0.35416666666666663,0.3006993006993007,0.1342281879194631,0.14074074074074075,0,1,0,0,0,0,0,0,0,0
142,0.7,100,0.07407407407407418,0.8802488335925349,0.16666666666666666,0.08391608391608392,0.436241610738255,0.10370370370370371,0,1,0,0,0,0,0,0,0,0
143,0.6375,100,0.17460317460317465,0.7900466562986003,0.29166666666666663,0.17482517482517482,0.20134228187919465,0.22222222222222224,0,1,0,0,0,0,0,0,0,0
144,0.54375,100,0.17989417989418,0.7402799377916018,0.22916666666666666,0.20279720279720279,0.10738255033557047,0.31851851851851853,0,1,0,0,0,0,0,0,0,0
145,0.51875,100,0.22222222222222232,0.702954898911353,0.14583333333333331,0.2867132867132867,0.12080536912751678,0.24444444444444446,0,1,0,0,0,0,0,0,0,0
146,0.725,100,0.1428571428571429,0.8522550544323484,0.3958333333333333,0.0979020979020979,0.18791946308724833,0.2814814814814815,0,1,0,0,0,0,0,0,0,0
147,0.48125,100,0.22751322751322756,0.6811819595645412,0.2708333333333333,0.2517482517482518,0.08053691275167785,0.2814814814814815,0,1,0,0,0,0,0,0,0,0
148,0.4625,100,0.28042328042328046,0.640746500777605,0.6458333333333333,0.1958041958041958,0.12751677852348994,0.15555555555555556,0,1,0,0,0,0,0,0,0,0
149,0.6875,100,0.0634920634920636,0.8802488335925349,0.20833333333333331,0.055944055944055944,0.436241610738255,0.11851851851851852,0,1,0,0,0,0,0,0,0,0
150,0.625,100,0.21693121693121697,0.7589424572317263,0.47916666666666663,0.16783216783216784,0.16107382550335572,0.20740740740740743,0,1,0,0,0,0,0,0,0,0
151,0.63125,100,0.20105820105820116,0.7713841368584758,0.20833333333333331,0.23776223776223776,0.30201342281879195,0.07407407407407407,0,1,0,0,0,0,0,0,0,0
152,0.60625,100,0.18518518518518523,0.7682737169517885,0.41666666666666663,0.14685314685314685,0.11409395973154361,0.3037037037037037,0,1,0,0,0,0,0,0,0,0
153,0.38125,100,0.2857142857142858,0.5972006220839813,0.3333333333333333,0.3076923076923077,0.14093959731543626,0.13333333333333333,0,1,0,0,0,0,0,0,0,0
154,0.36875,100,0.37037037037037046,0.541213063763608,0.08333333333333333,0.5034965034965035,0.12751677852348994,0.02962962962962963,0,1,0,0,0,0,0,0,0,0
155,0.58125,100,0.2328042328042329,0.7278382581648521,0.16666666666666666,0.2937062937062937,0.03355704697986577,0.32592592592592595,0,1,0,0,0,0,0,0,0,0
156,0.76875,100,0.10052910052910058,0.8989113530326593,0.25,0.09090909090909091,0.10738255033557047,0.42962962962962964,0,1,0,0,0,0,0,0,0,0
157,0.60625,100,0.17460317460317465,0.7744945567651633,0.3333333333333333,0.16083916083916083,0.15436241610738255,0.2740740740740741,0,1,0,0,0,0,0,0,0,0
158,0.45,100,0.28042328042328046,0.6345256609642301,0.25,0.32867132867132864,0.026845637583892617,0.26666666666666666,0,1,0,0,0,0,0,0,0,0
159,0.46875,100,0.34391534391534395,0.6065318818040435,0.10416666666666666,0.46153846153846156,0.006711409395973154,0.2,0,1,0,0,0,0,0,0,0,0
160,0.35,100,0.26455026455026465,0.5940902021772939,0.4583333333333333,0.23776223776223776,0.10067114093959731,0.20740740740740743,0,1,0,0,0,0,0,0,0,0
161,0.69375,100,0.14814814814814825,0.833592534992224,0.20833333333333331,0.16783216783216784,0.3087248322147651,0.14074074074074075,0,1,0,0,0,0,0,0,0,0
162,0.5,100,0.18518518518518523,0.7153965785381027,0.3333333333333333,0.17482517482517482,0.19463087248322147,0.21481481481481482,0,1,0,0,0,0,0,0,0,0
163,0.6375,100,0.07407407407407418,0.8491446345256609,0.08333333333333333,0.11188811188811189,0.16778523489932887,0.4,0,1,0,0,0,0,0,0,0,0
164,0.50625,100,0.24338624338624348,0.6842923794712286,0.47916666666666663,0.20279720279720279,0.1476510067114094,0.1851851851851852,0,1,0,0,0,0,0,0,0,0
165,0.61875,100,0.1534391534391535,0.7931570762052877,0.08333333333333333,0.21678321678321677,0.21476510067114093,0.23703703703703705,0,1,0,0,0,0,0,0,0,0
166,0.48125,100,0.2698412698412699,0.6562986003110419,0.125,0.35664335664335667,0.08053691275167785,0.22222222222222224,0,1,0,0,0,0,0,0,0,0
167,0.38749999999999996,100,0.3121693121693122,0.5847589424572317,0.35416666666666663,0.3356643356643357,0.10067114093959731,0.14074074074074075,0,1,0,0,0,0,0,0,0,0
168,0.4625,100,0.28042328042328046,0.640746500777605,0.14583333333333331,0.36363636363636365,0.053691275167785234,0.23703703703703705,0,1,0,0,0,0,0,0,0,0
169,0.56875,100,0.18518518518518523,0.749611197511664,0.020833333333333332,0.27972027972027974,0.0,0.42962962962962964,0,1,0,0,0,0,0,0,0,0
170,0.6,100,0.25396825396825407,0.7247278382581648,0.5625,0.1888111888111888,0.14093959731543626,0.17777777777777778,0,1,0,0,0,0,0,0,0,0
171,0.53125,100,0.12169312169312174,0.7682737169517885,0.35416666666666663,0.08391608391608392,0.22818791946308725,0.26666666666666666,0,1,0,0,0,0,0,0,0,0
172,0.24374999999999997,100,0.417989417989418,0.45101088646967336,0.16666666666666666,0.5384615384615384,0.04026845637583893,0.05925925925925926,0,1,0,0,0,0,0,0,0,0
173,0.58125,100,0.22751322751322756,0.7309486780715396,0.35416666666666663,0.22377622377622378,0.11409395973154361,0.24444444444444446,0,1,0,0,0,0,0,0,0,0
174,0.39375,100,0.3492063492063493,0.5660964230171073,0.47916666666666663,0.34265734265734266,0.0,0.2,0,1,0,0,0,0,0,0,0,0
175,0.60625,100,0.23809523809523814,0.7371695178849145,0.125,0.3146853146853147,0.04697986577181208,0.3037037037037037,0,1,0,0,0,0,0,0,0,0
176,0.5875,100,0.06878306878306883,0.8273716951788491,0.14583333333333331,0.08391608391608392,0.053691275167785234,0.5333333333333333,0,1,0,0,0,0,0,0,0,0
177,0.21749999999999997,100,0.3322751322751324,0.4883359253499222,0.47916666666666663,0.22377622377622378,0.16107382550335572,0.14814814814814814,0,0,1,0,0,0,0,0,0,0
178,0.46125,100,0.3111111111111112,0.6220839813374806,0.4375,0.21678321678321677,0.11409395973154361,0.22222222222222224,0,0,1,0,0,0,0,0,0,0
179,0.37875000000000003,100,0.3047619047619048,0.5847589424572317,0.25,0.2517482517482518,0.12080536912751678,0.24444444444444446,0,0,1,0,0,0,0,0,0,0
180,0.503125,100,0.23809523809523814,0.6858475894245724,0.25,0.18181818181818182,0.12751677852348994,0.3111111111111111,0,0,1,0,0,0,0,0,0,0
181,0.6925,100,0.2502645502645503,0.7729393468118195,0.1875,0.16783216783216784,0.03355704697986577,0.4518518518518519,0,0,1,0,0,0,0,0,0,0
182,0.661875,100,0.1873015873015874,0.7947122861586313,0.20833333333333331,0.11888111888111888,0.12751677852348994,0.3925925925925926,0,0,1,0,0,0,0,0,0,0
183,0.5675,100,0.2502645502645503,0.7107309486780715,0.1875,0.17482517482517482,0.03355704697986577,0.4444444444444445,0,0,1,0,0,0,0,0,0,0
184,0.51,100,0.26507936507936514,0.6734059097978227,0.29166666666666663,0.20279720279720279,0.11409395973154361,0.2888888888888889,0,0,1,0,0,0,0,0,0,0
185,0.3275,100,0.3301587301587302,0.5443234836702955,0.375,0.2517482517482518,0.1342281879194631,0.1851851851851852,0,0,1,0,0,0,0,0,0,0
186,0.2825,100,0.29735449735449737,0.541213063763608,0.3125,0.23076923076923078,0.10738255033557047,0.25925925925925924,0,0,1,0,0,0,0,0,0,0
187,0.54625,100,0.20317460317460323,0.7278382581648521,0.35416666666666663,0.11188811188811189,0.20134228187919465,0.26666666666666666,0,0,1,0,0,0,0,0,0,0
188,0.5,100,0.28042328042328046,0.6594090202177294,0.35416666666666663,0.2097902097902098,0.12751677852348994,0.24444444444444446,0,0,1,0,0,0,0,0,0,0
189,0.12062499999999998,100,0.4486772486772487,0.3716951788491446,0.75,0.24475524475524477,0.16107382550335572,0.02962962962962963,0,0,1,0,0,0,0,0,0,0
190,0.594375,100,0.18571428571428583,0.7620528771384136,0.3125,0.1048951048951049,0.2348993288590604,0.2518518518518519,0,0,1,0,0,0,0,0,0,0
191,0.644375,100,0.19365079365079374,0.7822706065318817,0.22916666666666666,0.1048951048951049,0.087248322147651,0.4444444444444445,0,0,1,0,0,0,0,0,0,0
192,0.631875,100,0.20952380952380956,0.7667185069984448,0.3125,0.13986013986013987,0.20134228187919465,0.2518518518518519,0,0,1,0,0,0,0,0,0,0
193,0.46125,100,0.3111111111111112,0.6220839813374806,0.4375,0.21678321678321677,0.11409395973154361,0.22222222222222224,0,0,1,0,0,0,0,0,0,0
194,0.58125,100,0.21693121693121697,0.7371695178849145,0.375,0.11888111888111888,0.2751677852348993,0.17037037037037037,0,0,1,0,0,0,0,0,0,0
195,0.3175,100,0.35343915343915355,0.5256609642301711,0.6666666666666666,0.1888111888111888,0.1476510067114094,0.13333333333333333,0,0,1,0,0,0,0,0,0,0
196,0.55625,100,0.15873015873015883,0.7589424572317263,0.375,0.1258741258741259,0.35570469798657717,0.07407407407407407,0,0,0,1,0,0,0,0,0,0
197,0.584375,100,0.15873015873015883,0.7729393468118195,0.4375,0.1048951048951049,0.24161073825503357,0.2,0,0,0,1,0,0,0,0,0,0
198,0.5875,100,0.15873015873015883,0.7744945567651633,0.35416666666666663,0.13286713286713286,0.26174496644295303,0.17777777777777778,0,0,0,1,0,0,0,0,0,0
199,0.5375,100,0.16402116402116407,0.7465007776049766,0.2708333333333333,0.16783216783216784,0.18791946308724833,0.2518518518518519,0,0,0,1,0,0,0,0,0,0
200,0.55,100,0.20105820105820116,0.7309486780715396,0.3125,0.20279720279720279,0.19463087248322147,0.1925925925925926,0,0,0,1,0,0,0,0,0,0
201,0.49375,100,0.17989417989418,0.7153965785381027,0.3125,0.17482517482517482,0.3288590604026846,0.07407407407407407,0,0,0,1,0,0,0,0,0,0
202,0.621875,100,0.11111111111111116,0.8195956454121306,0.20833333333333331,0.11888111888111888,0.24832214765100674,0.25925925925925924,0,0,0,1,0,0,0,0,0,0
203,0.640625,100,0.1693121693121694,0.7947122861586313,0.1875,0.20279720279720279,0.10738255033557047,0.33333333333333337,0,0,0,1,0,0,0,0,0,0
204,0.45,100,0.3227513227513228,0.6096423017107309,0.3333333333333333,0.35664335664335667,0.11409395973154361,0.11111111111111112,0,0,0,1,0,0,0,0,0,0
205,0.525,100,0.26455026455026465,0.6811819595645412,0.5208333333333333,0.21678321678321677,0.11409395973154361,0.1925925925925926,0,0,0,1,0,0,0,0,0,0
206,0.53125,100,0.22751322751322756,0.7060653188180404,0.375,0.21678321678321677,0.053691275167785234,0.3111111111111111,0,0,0,1,0,0,0,0,0,0
207,0.609375,100,0.09523809523809534,0.8227060653188181,0.20833333333333331,0.0979020979020979,0.42953020134228187,0.08148148148148149,0,0,0,1,0,0,0,0,0,0
208,0.76875,100,0.05820105820105825,0.9237947122861586,0.14583333333333331,0.06993006993006994,0.013422818791946307,0.5925925925925926,0,0,0,1,0,0,0,0,0,0
209,0.55,100,0.12169312169312174,0.7776049766718507,0.3125,0.0979020979020979,0.33557046979865773,0.14814814814814814,0,0,0,1,0,0,0,0,0,0
210,0.64375,100,0.11111111111111116,0.8304821150855365,0.20833333333333331,0.11888111888111888,0.38926174496644295,0.10370370370370371,0,0,0,1,0,0,0,0,0,0
211,0.45625,100,0.27513227513227523,0.640746500777605,0.375,0.27972027972027974,0.06040268456375839,0.23703703703703705,0,0,0,1,0,0,0,0,0,0
212,0.43125,100,0.21164021164021174,0.6656298600311041,0.29166666666666663,0.22377622377622378,0.06040268456375839,0.32592592592592595,0,0,0,1,0,0,0,0,0,0
213,0.428125,100,0.2962962962962964,0.614307931570762,0.6666666666666666,0.2097902097902098,0.16778523489932887,0.08888888888888889,0,0,0,1,0,0,0,0,0,0
214,0.68125,100,0.10582010582010593,0.8522550544323484,0.1875,0.11888111888111888,0.12080536912751678,0.40740740740740744,0,0,0,1,0,0,0,0,0,0
215,0.50625,100,0.21164021164021174,0.702954898911353,0.375,0.1958041958041958,0.1342281879194631,0.24444444444444446,0,0,0,1,0,0,0,0,0,0
216,0.640625,100,0.1428571428571429,0.8102643856920684,0.29166666666666663,0.13286713286713286,0.2550335570469799,0.20740740740740743,0,0,0,1,0,0,0,0,0,0
217,0.5125,100,0.1957671957671958,0.7153965785381027,0.3333333333333333,0.1888111888111888,0.14093959731543626,0.25925925925925924,0,0,0,1,0,0,0,0,0,0
218,0.634375,100,0.09523809523809534,0.8351477449455675,0.20833333333333331,0.0979020979020979,0.37583892617449666,0.14074074074074075,0,0,0,1,0,0,0,0,0,0
219,0.475,100,0.27513227513227523,0.6500777604976672,0.5625,0.21678321678321677,0.12751677852348994,0.16296296296296298,0,0,0,1,0,0,0,0,0,0
220,0.73125,100,0.07936507936507942,0.8926905132192846,0.20833333333333331,0.07692307692307693,0.3221476510067114,0.22222222222222224,0,0,0,1,0,0,0,0,0,0
221,0.675,100,0.08994708994709,0.8584758942457231,0.14583333333333331,0.11188811188811189,0.35570469798657717,0.17037037037037037,0,0,0,1,0,0,0,0,0,0
222,0.665625,100,0.1269841269841271,0.8320373250388802,0.20833333333333331,0.13986013986013987,0.2550335570469799,0.22962962962962963,0,0,0,1,0,0,0,0,0,0
223,0.36875,100,0.26455026455026465,0.6034214618973561,0.5,0.22377622377622378,0.11409395973154361,0.1925925925925926,0,0,0,1,0,0,0,0,0,0
224,0.775,100,0.06878306878306883,0.9206842923794711,0.16666666666666666,0.07692307692307693,0.03355704697986577,0.5555555555555556,0,0,0,1,0,0,0,0,0,0
225,0.53125,100,0.24338624338624348,0.6967340590979783,0.2708333333333333,0.2727272727272727,0.12751677852348994,0.20740740740740743,0,0,0,1,0,0,0,0,0,0
226,0.56875,100,0.23809523809523814,0.71850699844479,0.20833333333333331,0.2867132867132867,0.2684563758389262,0.05925925925925926,0,0,0,1,0,0,0,0,0,0
227,0.378125,100,0.25396825396825407,0.614307931570762,0.4583333333333333,0.22377622377622378,0.10738255033557047,0.21481481481481482,0,0,0,1,0,0,0,0,0,0
228,0.78125,100,0.0634920634920636,0.926905132192846,0.14583333333333331,0.07692307692307693,0.4697986577181208,0.08148148148148149,0,0,0,1,0,0,0,0,0,0
229,0.675,100,0.06878306878306883,0.8709175738724728,0.10416666666666666,0.0979020979020979,0.08053691275167785,0.5037037037037038,0,0,0,1,0,0,0,0,0,0
230,0.4625,100,0.27513227513227523,0.6438569206842923,0.375,0.27972027972027974,0.12080536912751678,0.17037037037037037,0,0,0,1,0,0,0,0,0,0
231,0.5375,100,0.19047619047619058,0.7309486780715396,0.3333333333333333,0.18181818181818182,0.19463087248322147,0.20740740740740743,0,0,0,1,0,0,0,0,0,0
232,0.5125,100,0.27513227513227523,0.6687402799377916,0.3125,0.3006993006993007,0.1342281879194631,0.15555555555555556,0,0,0,1,0,0,0,0,0,0
233,0.6125,100,0.1534391534391535,0.7900466562986003,0.3333333333333333,0.13286713286713286,0.28187919463087246,0.16296296296296298,0,0,0,1,0,0,0,0,0,0
234,0.65625,100,0.08994708994709,0.8491446345256609,0.1875,0.0979020979020979,0.2080536912751678,0.33333333333333337,0,0,0,1,0,0,0,0,0,0
235,0.603125,100,0.17460317460317465,0.7729393468118195,0.22916666666666666,0.1958041958041958,0.10738255033557047,0.32592592592592595,0,0,0,1,0,0,0,0,0,0
236,0.55625,100,0.26455026455026465,0.6967340590979783,0.4375,0.24475524475524477,0.18120805369127518,0.11851851851851852,0,0,0,0,0,0,1,0,0,0
237,0.425,100,0.25396825396825407,0.6376360808709175,0.35416666666666663,0.25874125874125875,0.1342281879194631,0.1851851851851852,0,0,0,0,0,0,1,0,0,0
238,0.5625,100,0.21693121693121697,0.7278382581648521,0.25,0.24475524475524477,0.2751677852348993,0.08148148148148149,0,0,0,0,0,0,1,0,0,0
239,0.83125,100,0.06878306878306883,0.9486780715396578,0.020833333333333332,0.1258741258741259,0.5167785234899329,0.022222222222222223,0,0,0,0,0,0,1,0,0,0
240,0.36875,100,0.3597883597883599,0.5474339035769828,0.3125,0.4125874125874126,0.12080536912751678,0.05185185185185186,0,0,0,0,0,0,1,0,0,0
241,0.4,100,0.28042328042328046,0.6096423017107309,0.2708333333333333,0.32167832167832167,0.10738255033557047,0.17777777777777778,0,0,0,0,0,0,1,0,0,0
242,0.4375,100,0.24338624338624348,0.6500777604976672,0.10416666666666666,0.32867132867132864,0.2080536912751678,0.11851851851851852,0,0,0,0,0,0,1,0,0,0
243,0.53125,100,0.20105820105820116,0.7216174183514774,0.0625,0.2867132867132867,0.026845637583892617,0.37777777777777777,0,0,0,0,0,0,1,0,0,0
244,0.725,100,0.0,0.9362363919129082,0.020833333333333332,0.03496503496503497,0.48322147651006714,0.15555555555555556,0,0,0,0,0,0,1,0,0,0
245,0.475,100,0.10582010582010593,0.749611197511664,0.10416666666666666,0.14685314685314685,0.026845637583892617,0.5111111111111112,0,0,0,0,0,0,1,0,0,0
246,0.32499999999999996,100,0.3756613756613757,0.5163297045101088,0.14583333333333331,0.48951048951048953,0.03355704697986577,0.12592592592592594,0,0,0,0,0,0,1,0,0,0
247,0.6,100,0.1693121693121694,0.7744945567651633,0.3958333333333333,0.13286713286713286,0.2080536912751678,0.22222222222222224,0,0,0,0,0,0,1,0,0,0
248,0.6625,100,0.18518518518518523,0.7962674961119751,0.1875,0.22377622377622378,0.08053691275167785,0.34074074074074073,0,0,0,0,0,0,1,0,0,0
249,0.5,100,0.2592592592592593,0.671850699844479,0.3333333333333333,0.2727272727272727,0.16107382550335572,0.14814814814814814,0,0,0,0,0,0,1,0,0,0
250,0.5125,100,0.26455026455026465,0.6749611197511663,0.29166666666666663,0.2937062937062937,0.07382550335570469,0.23703703703703705,0,0,0,0,0,0,1,0,0,0
251,0.65,100,0.14814814814814825,0.8118195956454121,0.041666666666666664,0.22377622377622378,0.3288590604026846,0.11851851851851852,0,0,0,0,0,0,1,0,0,0
252,0.625,100,0.2328042328042329,0.749611197511664,0.14583333333333331,0.3006993006993007,0.10067114093959731,0.2518518518518519,0,0,0,0,0,0,1,0,0,0
253,0.4,100,0.2962962962962964,0.6003110419906688,0.4583333333333333,0.27972027972027974,0.07382550335570469,0.1925925925925926,0,0,0,0,0,0,1,0,0,0
254,0.675,100,0.10582010582010593,0.8491446345256609,0.125,0.13986013986013987,0.04697986577181208,0.48888888888888893,0,0,0,0,0,0,1,0,0,0
255,0.56875,100,0.25396825396825407,0.7091757387247277,0.25,0.2937062937062937,0.1476510067114094,0.17037037037037037,0,0,0,0,0,0,1,0,0,0
256,0.49375,100,0.2328042328042329,0.6842923794712286,0.5208333333333333,0.17482517482517482,0.15436241610738255,0.1925925925925926,0,0,0,0,0,0,1,0,0,0
257,0.45,100,0.27513227513227523,0.6376360808709175,0.16666666666666666,0.34965034965034963,0.15436241610738255,0.13333333333333333,0,0,0,0,0,0,1,0,0,0
258,0.33125,100,0.42328042328042337,0.4914463452566096,0.14583333333333331,0.5524475524475524,0.053691275167785234,0.037037037037037035,0,0,0,0,0,0,1,0,0,0
259,0.6,100,0.21164021164021174,0.749611197511664,0.125,0.27972027972027974,0.04697986577181208,0.34074074074074073,0,0,0,0,0,0,1,0,0,0
260,0.675,100,0.1534391534391535,0.8211508553654743,0.2708333333333333,0.15384615384615385,0.33557046979865773,0.10370370370370371,0,0,0,0,0,0,1,0,0,0
261,0.4625,100,0.26455026455026465,0.6500777604976672,0.10416666666666666,0.35664335664335667,0.28187919463087246,0.007407407407407408,0,0,0,0,0,0,1,0,0,0
262,0.66875,100,0.031746031746031855,0.8895800933125971,0.1875,0.02097902097902098,0.5033557046979866,0.08888888888888889,0,0,0,0,0,0,1,0,0,0
263,0.3125,100,0.3386243386243387,0.5318818040435458,0.3125,0.38461538461538464,0.10738255033557047,0.0962962962962963,0,0,0,0,0,0,1,0,0,0
264,0.6125,100,0.18518518518518523,0.7713841368584758,0.1875,0.22377622377622378,0.2214765100671141,0.1851851851851852,0,0,0,0,0,0,1,0,0,0
265,0.41875,100,0.3386243386243387,0.5847589424572317,0.20833333333333331,0.4195804195804196,0.10067114093959731,0.10370370370370371,0,0,0,0,0,0,1,0,0,0
266,0.35624999999999996,100,0.2328042328042329,0.6158631415241057,0.5833333333333333,0.15384615384615385,0.16778523489932887,0.17777777777777778,0,0,0,0,0,0,1,0,0,0
267,0.3375,100,0.35449735449735453,0.5349922239502333,0.3125,0.40559440559440557,0.04026845637583893,0.14814814814814814,0,0,0,0,0,0,1,0,0,0
268,0.6875,100,0.015873015873015928,0.9082426127527216,0.0625,0.04195804195804196,0.5167785234899329,0.0962962962962963,0,0,0,0,0,0,1,0,0,0
269,0.5625,100,0.23809523809523814,0.7153965785381027,0.3958333333333333,0.22377622377622378,0.2080536912751678,0.12592592592592594,0,0,0,0,0,0,1,0,0,0
270,0.54375,100,0.1164021164021165,0.7776049766718507,0.29166666666666663,0.0979020979020979,0.40939597315436244,0.07407407407407407,0,0,0,0,0,0,1,0,0,0
271,0.31875,100,0.34391534391534395,0.5318818040435458,0.0625,0.4755244755244755,0.07382550335570469,0.12592592592592594,0,0,0,0,0,0,1,0,0,0
272,0.6875,100,0.03703703703703709,0.895800933125972,0.125,0.04895104895104895,0.5503355704697986,0.02962962962962963,0,0,0,0,0,0,1,0,0,0
273,0.675,100,0.19047619047619058,0.7993779160186625,0.10416666666666666,0.25874125874125875,0.06711409395973154,0.34814814814814815,0,0,0,0,0,0,1,0,0,0
274,0.55,100,0.24338624338624348,0.7060653188180404,0.375,0.23776223776223776,0.10738255033557047,0.22962962962962963,0,0,0,0,0,0,1,0,0,0
275,0.35,100,0.39682539682539686,0.5163297045101088,0.20833333333333331,0.4965034965034965,0.04697986577181208,0.08148148148148149,0,0,0,0,0,0,1,0,0,0
276,0.71875,100,0.07407407407407418,0.8895800933125971,0.20833333333333331,0.06993006993006994,0.3288590604026846,0.22222222222222224,0,0,0,0,0,0,1,0,0,0
277,0.4625,100,0.17460317460317465,0.702954898911353,0.125,0.23076923076923078,0.18120805369127518,0.24444444444444446,0,0,0,0,0,0,1,0,0,0
278,0.54375,100,0.25396825396825407,0.6967340590979783,0.5,0.2097902097902098,0.12080536912751678,0.2,0,0,0,0,0,0,1,0,0,0
279,0.425,100,0.3015873015873016,0.6096423017107309,0.3333333333333333,0.32867132867132864,0.10738255033557047,0.14814814814814814,0,0,0,0,0,0,1,0,0,0
280,0.5125,100,0.24867724867724872,0.6842923794712286,0.041666666666666664,0.35664335664335667,0.026845637583892617,0.3111111111111111,0,0,0,0,0,0,1,0,0,0
281,0.40625,100,0.22751322751322756,0.6438569206842923,0.7916666666666666,0.07692307692307693,0.18120805369127518,0.17037037037037037,0,0,0,0,0,0,1,0,0,0
282,0.44375,100,0.27513227513227523,0.6345256609642301,0.4583333333333333,0.2517482517482518,0.16107382550335572,0.12592592592592594,0,0,0,0,0,0,1,0,0,0
283,0.75,100,0.031746031746031855,0.9300155520995335,0.020833333333333332,0.07692307692307693,0.5503355704697986,0.037037037037037035,0,0,0,0,0,0,1,0,0,0
284,0.2375,100,0.43386243386243395,0.4385692068429238,0.20833333333333331,0.5454545454545454,0.06040268456375839,0.014814814814814815,0,0,0,0,0,0,1,0,0,0
285,0.48125,100,0.2962962962962964,0.640746500777605,0.41666666666666663,0.2937062937062937,0.11409395973154361,0.14814814814814814,0,0,0,0,0,0,1,0,0,0
286,0.625,100,0.10582010582010593,0.8242612752721616,0.14583333333333331,0.13286713286713286,0.4161073825503356,0.08148148148148149,0,0,0,0,0,0,1,0,0,0
287,0.65,100,0.10582010582010593,0.8367029548989113,0.1875,0.11888111888111888,0.2751677852348993,0.23703703703703705,0,0,0,0,0,0,1,0,0,0
288,0.3375,100,0.2857142857142858,0.5754276827371695,0.35416666666666663,0.3006993006993007,0.14093959731543626,0.13333333333333333,0,0,0,0,0,0,1,0,0,0
289,0.6125,100,0.22751322751322756,0.7465007776049766,0.3125,0.23776223776223776,0.16778523489932887,0.1851851851851852,0,0,0,0,0,0,1,0,0,0
290,0.6,100,0.13756613756613767,0.7931570762052877,0.041666666666666664,0.2097902097902098,0.3959731543624161,0.05925925925925926,0,0,0,0,0,0,1,0,0,0
291,0.53125,100,0.18518518518518523,0.7309486780715396,0.2708333333333333,0.1958041958041958,0.1342281879194631,0.2814814814814815,0,0,0,0,0,0,1,0,0,0
292,0.4875,100,0.15873015873015883,0.7247278382581648,0.0625,0.23076923076923078,0.3288590604026846,0.10370370370370371,0,0,0,0,0,0,1,0,0,0
293,0.575,100,0.18518518518518523,0.7527216174183514,0.22916666666666666,0.2097902097902098,0.2214765100671141,0.1851851851851852,0,0,0,0,0,0,1,0,0,0
294,0.65625,100,0.14814814814814825,0.8149300155520995,0.22916666666666666,0.16083916083916083,0.2953020134228188,0.15555555555555556,0,0,0,0,0,0,1,0,0,0
295,0.39375,100,0.3121693121693122,0.5878693623639191,0.375,0.32867132867132864,0.16778523489932887,0.06666666666666667,0,0,0,0,0,0,1,0,0,0
296,0.43125,100,0.32804232804232814,0.5972006220839813,0.3333333333333333,0.36363636363636365,0.07382550335570469,0.14814814814814814,0,0,0,0,0,0,1,0,0,0
297,0.41875,100,0.2592592592592593,0.6314152410575428,0.375,0.25874125874125875,0.11409395973154361,0.2,0,0,0,0,0,0,1,0,0,0
298,0.425,100,0.20105820105820116,0.6687402799377916,0.25,0.22377622377622378,0.16107382550335572,0.22962962962962963,0,0,0,0,0,0,1,0,0,0
299,0.7125,100,0.13756613756613767,0.8491446345256609,0.10416666666666666,0.1888111888111888,0.1476510067114094,0.33333333333333337,0,0,0,0,0,0,1,0,0,0
300,0.3625,100,0.2698412698412699,0.5972006220839813,0.2708333333333333,0.3076923076923077,0.12751677852348994,0.17037037037037037,0,0,0,0,0,0,1,0,0,0
301,0.74375,100,0.021164021164021274,0.9331259720062208,0.020833333333333332,0.06293706293706294,0.020134228187919462,0.6370370370370371,0,0,0,0,0,0,1,0,0,0
302,0.25625,100,0.3756613756613757,0.48211508553654736,0.4375,0.3916083916083916,0.053691275167785234,0.10370370370370371,0,0,0,0,0,0,1,0,0,0
303,0.75,100,0.08994708994709,0.895800933125972,0.1875,0.0979020979020979,0.3087248322147651,0.22222222222222224,0,0,0,0,0,0,1,0,0,0
304,0.49375,100,0.26455026455026465,0.6656298600311041,0.47916666666666663,0.23076923076923078,0.1342281879194631,0.17037037037037037,0,0,0,0,0,0,1,0,0,0
305,0.63125,100,0.08994708994709,0.8367029548989113,0.16666666666666666,0.1048951048951049,0.04697986577181208,0.5111111111111112,0,0,0,0,0,0,1,0,0,0
306,0.06937499999999996,100,0.5402116402116403,0.29237947122861585,0.35416666666666663,0.4195804195804196,0.06040268456375839,0.0962962962962963,0,0,0,0,1,0,0,0,0,0
307,0.28125,100,0.2962962962962964,0.541213063763608,0.5625,0.15384615384615385,0.087248322147651,0.2740740740740741,0,0,0,0,1,0,0,0,0,0
308,0.416875,100,0.23650793650793656,0.6438569206842923,0.3333333333333333,0.15384615384615385,0.10738255033557047,0.33333333333333337,0,0,0,0,1,0,0,0,0,0
309,0.7362500000000001,100,0.1867724867724868,0.8320373250388802,0.3333333333333333,0.09090909090909091,0.16107382550335572,0.34074074074074073,0,0,0,0,1,0,0,0,0,0
310,0.333125,100,0.3481481481481482,0.536547433903577,0.375,0.26573426573426573,0.087248322147651,0.22222222222222224,0,0,0,0,1,0,0,0,0,0
311,0.766875,100,0.14656084656084667,0.8709175738724728,0.20833333333333331,0.08391608391608392,0.26174496644295303,0.2814814814814815,0,0,0,0,1,0,0,0,0,0
312,0.26125,100,0.41693121693121704,0.46034214618973557,0.29166666666666663,0.34265734265734266,0.07382550335570469,0.1851851851851852,0,0,0,0,1,0,0,0,0,0
313,0.845,100,0.1597883597883598,0.9020217729393467,0.16666666666666666,0.08391608391608392,0.12751677852348994,0.4444444444444445,0,0,0,0,1,0,0,0,0,0
314,0.62125,100,0.22169312169312172,0.7542768273716951,0.3125,0.13286713286713286,0.09395973154362415,0.37777777777777777,0,0,0,0,1,0,0,0,0,0
315,0.549375,100,0.25343915343915346,0.6998444790046656,0.6458333333333333,0.06993006993006994,0.16107382550335572,0.2518518518518519,0,0,0,0,1,0,0,0,0,0
316,0.888125,100,0.12751322751322758,0.942457231726283,0.041666666666666664,0.06993006993006994,0.3959731543624161,0.20740740740740743,0,0,0,0,1,0,0,0,0,0
317,0.523125,100,0.2603174603174604,0.6827371695178849,0.5208333333333333,0.13286713286713286,0.15436241610738255,0.23703703703703705,0,0,0,0,1,0,0,0,0,0
318,0.39875,100,0.22116402116402123,0.6438569206842923,0.35416666666666663,0.14685314685314685,0.18791946308724833,0.24444444444444446,0,0,0,0,1,0,0,0,0,0
319,0.76625,100,0.15661375661375665,0.8646967340590979,0.20833333333333331,0.06293706293706294,0.3959731543624161,0.15555555555555556,0,0,0,0,1,0,0,0,0,0
320,0.448125,100,0.2497354497354498,0.6516329704510109,0.29166666666666663,0.14685314685314685,0.026845637583892617,0.4444444444444445,0,0,0,0,1,0,0,0,0,0
321,0.661875,100,0.2058201058201059,0.7838258164852254,0.2708333333333333,0.1258741258741259,0.35570469798657717,0.11111111111111112,0,0,0,0,1,0,0,0,0,0
322,0.593125,100,0.23492063492063497,0.7325038880248833,0.41666666666666663,0.13986013986013987,0.18120805369127518,0.23703703703703705,0,0,0,0,1,0,0,0,0,0
323,0.9775,100,0.1343915343915345,0.9828926905132193,0.125,0.055944055944055944,0.16778523489932887,0.4444444444444445,0,0,0,0,1,0,0,0,0,0
324,0.42562500000000003,100,0.3391534391534392,0.5878693623639191,0.29166666666666663,0.27972027972027974,0.11409395973154361,0.20740740740740743,0,0,0,0,1,0,0,0,0,0
325,0.81125,100,0.18412698412698414,0.8709175738724728,0.41666666666666663,0.04895104895104895,0.14093959731543626,0.37777777777777777,0,0,0,0,1,0,0,0,0,0
326,0.544375,100,0.22804232804232816,0.7122861586314152,0.4375,0.11888111888111888,0.2550335570469799,0.17037037037037037,0,0,0,0,1,0,0,0,0,0
327,0.35875,100,0.24021164021164032,0.6127527216174183,0.3958333333333333,0.14685314685314685,0.14093959731543626,0.2814814814814815,0,0,0,0,1,0,0,0,0,0
328,0.661875,100,0.17671957671957683,0.8009331259720062,0.1875,0.0979020979020979,0.10738255033557047,0.4444444444444445,0,0,0,0,1,0,0,0,0,0
329,0.258125,100,0.3375661375661376,0.505443234836703,0.4583333333333333,0.23776223776223776,0.16107382550335572,0.14074074074074075,0,0,0,0,1,0,0,0,0,0
330,0.833125,100,0.14973544973544983,0.9020217729393467,0.16666666666666666,0.06993006993006994,0.3959731543624161,0.16296296296296298,0,0,0,0,1,0,0,0,0,0
331,0.49125,100,0.2941798941798942,0.6469673405909797,0.3958333333333333,0.2097902097902098,0.16107382550335572,0.1925925925925926,0,0,0,0,0,0,0,0,1,0
332,0.40249999999999997,100,0.3777777777777779,0.5536547433903577,0.35416666666666663,0.3006993006993007,0.12751677852348994,0.14814814814814814,0,0,0,0,0,0,0,0,1,0
333,0.3,100,0.33333333333333337,0.5287713841368584,0.41666666666666663,0.24475524475524477,0.1342281879194631,0.17777777777777778,0,0,0,0,0,0,0,0,1,0
334,0.434375,100,0.3015873015873016,0.614307931570762,0.4583333333333333,0.1958041958041958,0.15436241610738255,0.1925925925925926,0,0,0,0,0,0,0,0,1,0
335,0.33125,100,0.3121693121693122,0.5567651632970451,0.3333333333333333,0.24475524475524477,0.12080536912751678,0.22222222222222224,0,0,0,0,0,0,0,0,1,0
336,0.4625,100,0.3015873015873016,0.6283048211508553,0.4375,0.2097902097902098,0.174496644295302,0.16296296296296298,0,0,0,0,0,0,0,0,1,0
337,0.255,100,0.3137566137566138,0.5178849144634525,0.41666666666666663,0.22377622377622378,0.10738255033557047,0.22962962962962963,0,0,0,0,0,0,0,0,1,0
338,0.475,100,0.2698412698412699,0.6531881804043546,0.375,0.1958041958041958,0.18791946308724833,0.1851851851851852,0,0,0,0,0,0,0,0,1,0
339,0.605,100,0.16560846560846565,0.7791601866251944,0.22916666666666666,0.0979020979020979,0.18791946308724833,0.34074074074074073,0,0,0,0,0,0,0,0,1,0
340,0.48375,100,0.19523809523809532,0.7013996889580093,0.1875,0.14685314685314685,0.16107382550335572,0.33333333333333337,0,0,0,0,0,0,0,0,1,0
341,0.349375,100,0.3037037037037038,0.5707620528771383,0.3333333333333333,0.23776223776223776,0.14093959731543626,0.20740740740740743,0,0,0,0,0,0,0,0,1,0
342,0.23062499999999997,100,0.36984126984126986,0.47278382581648515,0.7708333333333333,0.16083916083916083,0.15436241610738255,0.11851851851851852,0,0,0,0,0,0,0,0,1,0
343,0.32625,100,0.30793650793650795,0.5567651632970451,0.3125,0.24475524475524477,0.11409395973154361,0.23703703703703705,0,0,0,0,0,0,0,0,1,0
344,0.38,100,0.22910052910052914,0.6298600311041991,0.375,0.14685314685314685,0.20134228187919465,0.22222222222222224,0,0,0,0,0,0,0,0,1,0
345,0.42625,100,0.2682539682539683,0.6298600311041991,0.3958333333333333,0.18181818181818182,0.15436241610738255,0.22962962962962963,0,0,0,0,0,0,0,0,1,0
346,0.756875,100,0.18042328042328049,0.8460342146189735,0.29166666666666663,0.09090909090909091,0.348993288590604,0.14814814814814814,0,0,0,0,0,0,0,0,1,0
347,0.6799999999999999,100,0.2052910052910053,0.7931570762052877,0.41666666666666663,0.09090909090909091,0.14093959731543626,0.33333333333333337,0,0,0,0,0,0,0,0,1,0
348,0.22062500000000002,100,0.32698412698412704,0.49300155520995326,0.4583333333333333,0.22377622377622378,0.1476510067114094,0.17037037037037037,0,0,0,0,0,0,0,0,1,0
349,0.395,100,0.270899470899471,0.6127527216174183,0.4375,0.17482517482517482,0.16107382550335572,0.21481481481481482,0,0,0,0,0,0,0,0,1,0
350,0.36375,100,0.29735449735449737,0.5816485225505443,0.5208333333333333,0.18181818181818182,0.18791946308724833,0.14814814814814814,0,0,0,0,0,0,0,0,1,0
351,0.45,100,0.28042328042328046,0.6345256609642301,0.3958333333333333,0.1958041958041958,0.1342281879194631,0.23703703703703705,0,0,0,0,0,0,0,0,1,0
352,0.0,100,0.544973544973545,0.255054432348367,0.7083333333333333,0.3356643356643357,0.04026845637583893,0.08148148148148149,0,0,0,0,0,0,0,0,1,0
353,0.49,100,0.20052910052910056,0.7013996889580093,0.20833333333333331,0.15384615384615385,0.16107382550335572,0.31851851851851853,0,0,0,0,0,0,0,0,1,0
354,0.45375,100,0.2968253968253969,0.6267496111975116,0.4375,0.20279720279720279,0.18120805369127518,0.16296296296296298,0,0,0,0,0,0,0,0,1,0
355,0.401875,100,0.3058201058201059,0.5956454121306376,0.5208333333333333,0.1888111888111888,0.1476510067114094,0.1851851851851852,0,0,0,0,0,0,0,0,1,0
356,0.38375000000000004,100,0.2507936507936509,0.6189735614307931,0.4375,0.15384615384615385,0.19463087248322147,0.2,0,0,0,0,0,0,0,0,1,0
357,0.52375,100,0.26613756613756623,0.6796267496111974,0.3125,0.20279720279720279,0.2550335570469799,0.12592592592592594,0,0,0,0,0,0,0,0,1,0
358,0.71,100,0.16455026455026456,0.8320373250388802,0.29166666666666663,0.07692307692307693,0.19463087248322147,0.33333333333333337,0,0,0,0,0,0,0,0,1,0
359,0.44937499999999997,100,0.24814814814814823,0.6531881804043546,0.3333333333333333,0.16783216783216784,0.15436241610738255,0.26666666666666666,0,0,0,0,0,0,0,0,1,0
360,0.44625,100,0.27989417989418,0.6329704510108864,0.375,0.1958041958041958,0.11409395973154361,0.26666666666666666,0,0,0,0,0,0,0,0,1,0
361,0.3175,100,0.38783068783068786,0.505443234836703,0.4583333333333333,0.27972027972027974,0.16107382550335572,0.0962962962962963,0,0,0,0,0,0,0,0,1,0
362,0.41625,100,0.3206349206349207,0.5940902021772939,0.2708333333333333,0.26573426573426573,0.16107382550335572,0.17777777777777778,0,0,0,0,0,0,0,0,1,0
363,0.646875,100,0.1957671957671958,0.7822706065318817,0.20833333333333331,0.11188811188811189,0.087248322147651,0.4444444444444445,0,0,0,0,0,0,0,0,1,0
364,0.578125,100,0.17989417989418,0.7573872472783825,0.29166666666666663,0.1048951048951049,0.21476510067114093,0.2814814814814815,0,0,0,0,0,0,0,0,1,0
365,0.355,100,0.3375661375661376,0.5536547433903577,0.35416666666666663,0.26573426573426573,0.12751677852348994,0.1851851851851852,0,0,0,0,0,0,0,0,1,0
366,0.6075,100,0.19947089947089958,0.76049766718507,0.2708333333333333,0.0979020979020979,0.08053691275167785,0.4444444444444445,0,0,0,0,0,0,0,0,1,0
367,0.41625,100,0.2227513227513228,0.6516329704510109,0.3125,0.15384615384615385,0.16107382550335572,0.2814814814814815,0,0,0,0,0,0,0,0,1,0
368,0.50125,100,0.23121693121693132,0.6889580093312597,0.22916666666666666,0.17482517482517482,0.12080536912751678,0.33333333333333337,0,0,0,0,0,0,0,0,1,0
369,0.4425,100,0.2846560846560847,0.6283048211508553,0.4375,0.1888111888111888,0.16778523489932887,0.1925925925925926,0,0,0,0,0,0,0,0,1,0
370,0.396875,100,0.28835978835978837,0.6034214618973561,0.4583333333333333,0.1888111888111888,0.18791946308724833,0.16296296296296298,0,0,0,0,0,0,0,0,1,0
371,0.36875,100,0.2857142857142858,0.5909797822706065,0.5,0.16783216783216784,0.16107382550335572,0.2,0,0,0,0,0,0,0,0,1,0
372,0.26,100,0.31005291005291014,0.5225505443234837,0.3958333333333333,0.22377622377622378,0.16107382550335572,0.17777777777777778,0,0,0,0,0,0,0,0,1,0
373,0.54,100,0.23492063492063497,0.7060653188180404,0.4375,0.1258741258741259,0.2684563758389262,0.14814814814814814,0,0,0,0,0,0,0,0,1,0
374,0.43374999999999997,100,0.21640211640211648,0.6640746500777605,0.25,0.15384615384615385,0.1342281879194631,0.33333333333333337,0,0,0,0,0,0,0,0,1,0
375,0.555625,100,0.18994708994708998,0.7402799377916018,0.3125,0.0979020979020979,0.15436241610738255,0.34814814814814815,0,0,0,0,0,0,0,0,1,0
376,0.673125,100,0.2153439153439154,0.7838258164852254,0.25,0.1258741258741259,0.08053691275167785,0.4222222222222222,0,0,0,0,0,0,0,0,1,0
377,0.424375,100,0.4201058201058202,0.5396578538102643,0.4375,0.3146853146853147,0.09395973154362415,0.14074074074074075,0,0,0,0,0,0,0,0,1,0
378,0.348125,100,0.30793650793650795,0.567651632970451,0.5625,0.17482517482517482,0.1476510067114094,0.1851851851851852,0,0,0,0,0,0,0,0,1,0
379,0.441875,100,0.31587301587301597,0.6096423017107309,0.47916666666666663,0.2097902097902098,0.174496644295302,0.14814814814814814,0,0,0,0,0,0,0,0,1,0
380,0.495,100,0.30000000000000004,0.645412130637636,0.41666666666666663,0.2097902097902098,0.2348993288590604,0.10370370370370371,0,0,0,0,0,0,0,0,1,0
381,0.513125,100,0.22010582010582014,0.7013996889580093,0.1875,0.14685314685314685,0.06040268456375839,0.4444444444444445,0,0,0,0,0,0,0,0,1,0
382,0.305,100,0.297883597883598,0.552099533437014,0.3125,0.23776223776223776,0.14093959731543626,0.21481481481481482,0,0,0,0,0,0,0,0,1,0
383,0.253125,100,0.3835978835978837,0.4758942457231726,0.2708333333333333,0.32167832167832167,0.14093959731543626,0.14074074074074075,0,0,0,0,0,0,0,0,1,0
384,0.35250000000000004,100,0.32486772486772497,0.5598755832037324,0.5833333333333333,0.1888111888111888,0.12751677852348994,0.1851851851851852,0,0,0,0,0,0,0,0,1,0
385,0.38625,100,0.23968253968253972,0.6267496111975116,0.35416666666666663,0.14685314685314685,0.09395973154362415,0.34814814814814815,0,0,0,0,0,0,0,0,1,0
386,0.4525,100,0.30105820105820114,0.6236391912908242,0.6041666666666666,0.13986013986013987,0.09395973154362415,0.26666666666666666,0,0,0,0,0,0,0,0,1,0
387,0.403125,100,0.3201058201058202,0.5878693623639191,0.5416666666666666,0.1958041958041958,0.11409395973154361,0.20740740740740743,0,0,0,0,0,0,0,0,1,0
388,0.385625,100,0.28148148148148155,0.6018662519440124,0.4375,0.18181818181818182,0.11409395973154361,0.25925925925925924,0,0,0,0,0,0,0,0,1,0
389,0.490625,100,0.28042328042328046,0.6547433903576982,0.35416666666666663,0.2097902097902098,0.15436241610738255,0.21481481481481482,0,0,0,0,0,0,0,0,1,0
390,0.27999999999999997,100,0.39841269841269844,0.4805598755832037,0.5416666666666666,0.2727272727272727,0.12080536912751678,0.11851851851851852,0,0,0,0,0,0,0,0,1,0
391,0.6956249999999999,100,0.16296296296296298,0.8258164852255054,0.14583333333333331,0.0979020979020979,0.3959731543624161,0.14074074074074075,0,0,0,0,0,0,0,0,1,0
392,0.34625,100,0.32486772486772497,0.5567651632970451,0.29166666666666663,0.25874125874125875,0.08053691275167785,0.26666666666666666,0,0,0,0,0,0,0,0,1,0
393,0.64625,100,0.22962962962962974,0.7620528771384136,0.3125,0.1258741258741259,0.06040268456375839,0.4222222222222222,0,0,0,0,0,0,0,0,1,0
394,0.651875,100,0.21058201058201065,0.7760497667185069,0.25,0.13986013986013987,0.12080536912751678,0.362962962962963,0,0,0,0,0,0,0,0,1,0
395,0.63625,100,0.16296296296296298,0.7962674961119751,0.1875,0.1048951048951049,0.20134228187919465,0.33333333333333337,0,0,0,0,0,0,0,0,1,0
396,0.2575,100,0.3767195767195768,0.48211508553654736,0.7083333333333333,0.1958041958041958,0.11409395973154361,0.14814814814814814,0,0,0,0,0,0,0,0,1,0
397,0.84375,100,0.13756613756613767,0.9144634525660964,0.10416666666666666,0.06993006993006994,0.3959731543624161,0.1851851851851852,0,0,0,0,0,0,0,0,1,0
398,0.474375,100,0.2613756613756615,0.6578538102643856,0.35416666666666663,0.1888111888111888,0.14093959731543626,0.2518518518518519,0,0,0,0,0,0,0,0,1,0
399,0.593125,100,0.20052910052910056,0.7527216174183514,0.29166666666666663,0.11888111888111888,0.15436241610738255,0.33333333333333337,0,0,0,0,0,0,0,0,1,0
400,0.335625,100,0.3396825396825397,0.5427682737169518,0.625,0.1888111888111888,0.1476510067114094,0.14814814814814814,0,0,0,0,0,0,0,0,1,0
401,0.51,100,0.2677248677248678,0.671850699844479,0.3125,0.20279720279720279,0.2348993288590604,0.14814814814814814,0,0,0,0,0,0,0,0,1,0
402,0.37687499999999996,100,0.37989417989417995,0.5396578538102643,0.3958333333333333,0.2867132867132867,0.087248322147651,0.1925925925925926,0,0,0,0,0,0,0,0,1,0
403,0.06562499999999999,100,0.5555555555555557,0.28149300155520995,0.3958333333333333,0.4195804195804196,0.07382550335570469,0.06666666666666667,0,0,0,0,0,0,0,0,1,0
404,0.595,100,0.16243386243386249,0.7760497667185069,0.20833333333333331,0.0979020979020979,0.19463087248322147,0.34074074074074073,0,0,0,0,0,0,0,0,1,0
405,0.5725,100,0.2227513227513228,0.7293934681181959,0.10416666666666666,0.16783216783216784,0.06711409395973154,0.4444444444444445,0,0,0,0,0,0,0,0,1,0
406,0.47,100,0.27354497354497365,0.6485225505443234,0.375,0.1958041958041958,0.2080536912751678,0.16296296296296298,0,0,0,0,0,0,0,0,1,0
407,0.361875,100,0.2507936507936509,0.6080870917573872,0.4375,0.15384615384615385,0.18120805369127518,0.21481481481481482,0,0,0,0,0,0,0,0,1,0
408,0.458125,100,0.18941798941798949,0.6920684292379471,0.20833333333333331,0.14685314685314685,0.18791946308724833,0.2962962962962963,0,0,0,0,0,0,0,0,1,0
409,0.464375,100,0.3851851851851853,0.5800933125972005,0.3125,0.3146853146853147,0.10738255033557047,0.17037037037037037,0,0,0,0,0,0,0,0,1,0
410,0.40625,100,0.22222222222222232,0.6469673405909797,0.3125,0.15384615384615385,0.18120805369127518,0.25925925925925924,0,0,0,0,0,0,0,0,1,0
411,0.38625,100,0.3481481481481482,0.5629860031104199,0.5833333333333333,0.2097902097902098,0.11409395973154361,0.17777777777777778,0,0,0,0,0,0,0,0,1,0
412,0.373125,100,0.2947089947089948,0.5878693623639191,0.5,0.18181818181818182,0.174496644295302,0.17037037037037037,0,0,0,0,0,0,0,0,1,0
413,0.7075,100,0.18095238095238098,0.8211508553654743,0.1875,0.1258741258741259,0.3221476510067114,0.17777777777777778,0,0,0,0,0,0,0,0,1,0
414,0.455,100,0.22910052910052914,0.6671850699844478,0.3125,0.16083916083916083,0.24161073825503357,0.1851851851851852,0,0,0,0,0,0,0,0,1,0
415,0.24874999999999997,100,0.3746031746031747,0.47900466562986,0.20833333333333331,0.32167832167832167,0.07382550335570469,0.23703703703703705,0,0,0,0,0,0,0,0,1,0
416,0.5625,100,0.23544973544973546,0.7169517884914463,0.3958333333333333,0.13986013986013987,0.16107382550335572,0.26666666666666666,0,0,0,0,0,0,0,0,1,0
417,0.4175,100,0.2423280423280424,0.640746500777605,0.35416666666666663,0.16783216783216784,0.19463087248322147,0.21481481481481482,0,0,0,0,0,0,0,0,1,0
418,0.478125,100,0.2936507936507937,0.640746500777605,0.375,0.2097902097902098,0.087248322147651,0.2814814814814815,0,0,0,0,0,0,0,0,1,0
419,0.406875,100,0.24391534391534397,0.6345256609642301,0.35416666666666663,0.16083916083916083,0.15436241610738255,0.26666666666666666,0,0,0,0,0,0,0,0,1,0
420,0.643125,100,0.17407407407407416,0.7931570762052877,0.22916666666666666,0.0979020979020979,0.14093959731543626,0.3925925925925926,0,0,0,0,0,0,0,0,1,0
421,0.38875,100,0.2656084656084656,0.6127527216174183,0.1875,0.22377622377622378,0.10738255033557047,0.3111111111111111,0,0,0,0,0,0,0,0,1,0
422,0.33875,100,0.3555555555555556,0.5349922239502333,0.35416666666666663,0.2727272727272727,0.053691275167785234,0.25925925925925924,0,0,0,0,0,0,0,0,1,0
423,0.31437499999999996,100,0.28201058201058204,0.5660964230171073,0.29166666666666663,0.22377622377622378,0.12751677852348994,0.2518518518518519,0,0,0,0,0,0,0,0,1,0
424,0.369375,100,0.33650793650793653,0.5614307931570762,0.3125,0.2727272727272727,0.10738255033557047,0.21481481481481482,0,0,0,0,0,0,0,0,1,0
425,0.45625,100,0.22222222222222232,0.671850699844479,0.29166666666666663,0.16083916083916083,0.19463087248322147,0.24444444444444446,0,0,0,0,0,0,0,0,1,0
426,0.641875,100,0.22063492063492074,0.765163297045101,0.3333333333333333,0.13986013986013987,0.14093959731543626,0.3111111111111111,0,0,0,0,0,0,0,0,1,0
427,0.33499999999999996,100,0.28095238095238106,0.5769828926905132,0.22916666666666666,0.22377622377622378,0.07382550335570469,0.33333333333333337,0,0,0,0,0,0,0,0,1,0
428,0.57625,100,0.21005291005291016,0.738724727838258,0.3125,0.0979020979020979,0.3959731543624161,0.08148148148148149,0,0,0,0,0,0,0,0,1,0
429,0.33999999999999997,100,0.30899470899470904,0.5629860031104199,0.3333333333333333,0.24475524475524477,0.174496644295302,0.16296296296296298,0,0,0,0,0,0,0,0,1,0
430,0.50625,100,0.3227513227513228,0.6376360808709175,0.16666666666666666,0.27972027972027974,0.06040268456375839,0.3111111111111111,0,0,0,0,0,0,0,0,1,0
431,0.76625,100,0.15661375661375665,0.8646967340590979,0.20833333333333331,0.06293706293706294,0.1342281879194631,0.4444444444444445,0,0,0,0,0,0,0,0,1,0
432,0.45625,100,0.25396825396825407,0.6531881804043546,0.35416666666666663,0.18181818181818182,0.22818791946308725,0.16296296296296298,0,0,0,0,0,0,0,0,1,0
433,0.128125,100,0.5026455026455027,0.34370139968895796,0.20833333333333331,0.4195804195804196,0.06040268456375839,0.14814814814814814,0,0,0,0,0,0,0,0,1,0
434,0.3,100,0.33333333333333337,0.5287713841368584,0.41666666666666663,0.24475524475524477,0.1342281879194631,0.17777777777777778,0,0,0,0,0,0,0,0,1,0
435,0.565,100,0.22698412698412707,0.7231726283048211,0.16666666666666666,0.1888111888111888,0.12751677852348994,0.33333333333333337,0,0,0,0,0,0,0,0,1,0
436,0.781875,100,0.1248677248677249,0.8911353032659408,0.14583333333333331,0.06293706293706294,0.2550335570469799,0.33333333333333337,0,0,0,0,0,0,0,0,1,0
437,0.468125,100,0.2507936507936509,0.6609642301710731,0.3125,0.18181818181818182,0.11409395973154361,0.3037037037037037,0,0,0,0,0,0,0,0,1,0
438,0.37875000000000003,100,0.27301587301587305,0.6034214618973561,0.4583333333333333,0.16783216783216784,0.18791946308724833,0.1851851851851852,0,0,0,0,0,0,0,0,1,0
439,0.465625,100,0.30952380952380965,0.6251944012441679,0.3958333333333333,0.21678321678321677,0.08053691275167785,0.2740740740740741,0,0,0,0,0,0,0,0,1,0
440,0.26437499999999997,100,0.31904761904761914,0.5194401244167962,0.3958333333333333,0.23776223776223776,0.174496644295302,0.14814814814814814,0,0,0,0,0,0,0,0,1,0
441,0.3625,100,0.27513227513227523,0.5940902021772939,0.4583333333333333,0.16783216783216784,0.16107382550335572,0.21481481481481482,0,0,0,0,0,0,0,0,1,0
442,0.5925,100,0.2502645502645503,0.7231726283048211,0.22916666666666666,0.2097902097902098,0.2214765100671141,0.1851851851851852,0,0,0,0,0,0,0,0,1,0
443,0.354375,100,0.3317460317460318,0.5567651632970451,0.29166666666666663,0.26573426573426573,0.08053691275167785,0.25925925925925924,0,0,0,0,0,0,0,0,1,0
444,0.464375,100,0.24761904761904774,0.6609642301710731,0.3125,0.17482517482517482,0.11409395973154361,0.3111111111111111,0,0,0,0,0,0,0,0,1,0
445,0.5675,100,0.22910052910052914,0.7231726283048211,0.3958333333333333,0.13986013986013987,0.20134228187919465,0.22222222222222224,0,0,0,0,0,0,0,0,1,0
446,0.425,100,0.3492063492063493,0.5816485225505443,0.5625,0.21678321678321677,0.15436241610738255,0.13333333333333333,0,0,0,0,0,0,0,0,1,0
447,0.425,100,0.3492063492063493,0.5816485225505443,0.5625,0.21678321678321677,0.15436241610738255,0.13333333333333333,0,0,0,0,0,0,0,0,1,0
448,0.4075,100,0.3291005291005291,0.5847589424572317,0.5416666666666666,0.20279720279720279,0.1342281879194631,0.17777777777777778,0,0,0,0,0,0,0,0,1,0
449,0.025000000000000022,100,0.5767195767195769,0.24883359253499215,0.4583333333333333,0.4195804195804196,0.06711409395973154,0.05185185185185186,0,0,0,0,0,0,0,0,1,0
450,0.36312500000000003,100,0.2597883597883599,0.6034214618973561,0.20833333333333331,0.22377622377622378,0.19463087248322147,0.20740740740740743,0,0,0,0,0,0,0,0,1,0
451,0.513125,100,0.22010582010582014,0.7013996889580093,0.1875,0.14685314685314685,0.06040268456375839,0.4444444444444445,0,0,0,0,0,0,0,0,1,0
452,0.46125,100,0.2925925925925926,0.6329704510108864,0.3958333333333333,0.2097902097902098,0.14093959731543626,0.21481481481481482,0,0,0,0,0,0,0,0,1,0
453,0.353125,100,0.2698412698412699,0.5925349922239502,0.20833333333333331,0.22377622377622378,0.10067114093959731,0.3111111111111111,0,0,0,0,0,0,0,0,1,0
454,0.24874999999999997,100,0.33492063492063495,0.5023328149300155,0.4583333333333333,0.23076923076923078,0.10738255033557047,0.20740740740740743,0,0,0,0,0,0,0,0,1,0
455,0.273125,100,0.37142857142857155,0.49300155520995326,0.47916666666666663,0.25874125874125875,0.06040268456375839,0.22222222222222224,0,0,0,0,0,0,0,0,1,0
456,0.439375,100,0.21587301587301588,0.6671850699844478,0.25,0.14685314685314685,0.11409395973154361,0.362962962962963,0,0,0,0,0,0,0,0,1,0
457,0.265625,100,0.29100529100529104,0.536547433903577,0.3125,0.22377622377622378,0.11409395973154361,0.25925925925925924,0,0,0,0,0,0,0,0,1,0
458,0.3375,100,0.2936507936507937,0.5707620528771383,0.25,0.23776223776223776,0.09395973154362415,0.2888888888888889,0,0,0,0,0,0,0,0,1,0
459,0.515,100,0.24550264550264556,0.6874027993779159,0.2708333333333333,0.1958041958041958,0.19463087248322147,0.21481481481481482,0,0,0,0,0,0,0,0,1,0
460,0.30937499999999996,100,0.4576719576719578,0.46034214618973557,0.3333333333333333,0.36363636363636365,0.08053691275167785,0.14074074074074075,0,0,0,0,0,0,0,0,1,0
461,0.41875,100,0.3915343915343916,0.5536547433903577,0.375,0.3006993006993007,0.09395973154362415,0.17777777777777778,0,0,0,0,0,0,0,0,1,0
462,0.33499999999999996,100,0.41587301587301595,0.4976671850699844,0.20833333333333331,0.35664335664335667,0.07382550335570469,0.2,0,0,0,0,0,0,0,0,1,0
463,0.661875,100,0.17671957671957683,0.8009331259720062,0.1875,0.0979020979020979,0.10738255033557047,0.4444444444444445,0,0,0,0,0,0,0,0,1,0
464,0.35375,100,0.2783068783068784,0.5878693623639191,0.5,0.16083916083916083,0.16778523489932887,0.2,0,0,0,0,0,0,0,0,1,0
465,0.45687500000000003,100,0.26243386243386246,0.6485225505443234,0.375,0.18181818181818182,0.14093959731543626,0.2518518518518519,0,0,0,0,0,0,0,0,1,0
466,0.4725,100,0.2941798941798942,0.6376360808709175,0.41666666666666663,0.2097902097902098,0.18791946308724833,0.15555555555555556,0,0,0,0,0,0,0,0,1,0
467,0.8262499999999999,100,0.143915343915344,0.9020217729393467,0.14583333333333331,0.06993006993006994,0.3959731543624161,0.17037037037037037,0,0,0,0,0,0,0,0,1,0
468,0.460625,100,0.30793650793650795,0.6236391912908242,0.3958333333333333,0.21678321678321677,0.09395973154362415,0.25925925925925924,0,0,0,0,0,0,0,0,1,0
469,0.3425,100,0.252910052910053,0.5972006220839813,0.4375,0.14685314685314685,0.14093959731543626,0.26666666666666666,0,0,0,0,0,0,0,0,1,0
470,0.221875,100,0.3862433862433863,0.4587869362363919,0.25,0.32167832167832167,0.06711409395973154,0.22962962962962963,0,0,0,0,0,0,0,0,1,0
471,0.29874999999999996,100,0.4222222222222223,0.4758942457231726,0.2708333333333333,0.34965034965034963,0.07382550335570469,0.1851851851851852,0,0,0,0,0,0,0,0,1,0
472,0.24,100,0.4492063492063493,0.43079315707620525,0.35416666666666663,0.35664335664335667,0.12751677852348994,0.08888888888888889,0,0,0,0,0,0,0,0,1,0
473,0.84125,100,0.15661375661375665,0.9020217729393467,0.14583333333333331,0.09090909090909091,0.12751677852348994,0.4444444444444445,0,0,0,0,0,0,0,0,1,0
474,0.12,100,0.5169312169312169,0.3312597200622084,0.25,0.4195804195804196,0.09395973154362415,0.0962962962962963,0,0,0,0,0,0,0,0,1,0
475,0.12,100,0.5169312169312169,0.3312597200622084,0.25,0.4195804195804196,0.09395973154362415,0.0962962962962963,0,0,0,0,0,0,0,0,1,0
476,0.44125000000000003,100,0.3126984126984128,0.6111975116640747,0.20833333333333331,0.2727272727272727,0.10738255033557047,0.2518518518518519,0,0,0,0,0,0,0,0,1,0
477,0.28125,100,0.3201058201058202,0.5272161741835147,0.3958333333333333,0.23776223776223776,0.14093959731543626,0.1851851851851852,0,0,0,0,0,0,0,0,1,0
478,0.33499999999999996,100,0.43174603174603177,0.4883359253499222,0.5,0.3076923076923077,0.07382550335570469,0.14814814814814814,0,0,0,0,0,0,0,0,1,0
479,0.83125,100,0.13756613756613767,0.9082426127527216,0.10416666666666666,0.06993006993006994,0.16107382550335572,0.4444444444444445,0,0,0,0,0,0,0,0,1,0
480,0.401875,100,0.3058201058201059,0.5956454121306376,0.5208333333333333,0.1888111888111888,0.1476510067114094,0.1851851851851852,0,0,0,0,0,0,0,0,1,0
481,0.234375,100,0.38888888888888895,0.46345256609642294,0.25,0.32867132867132864,0.12080536912751678,0.16296296296296298,0,0,0,0,0,0,0,0,1,0
482,0.7050000000000001,100,0.17354497354497356,0.8242612752721616,0.10416666666666666,0.11188811188811189,0.12080536912751678,0.4444444444444445,0,0,0,0,0,0,0,0,1,0
483,0.251875,100,0.31640211640211646,0.5147744945567652,0.4375,0.22377622377622378,0.18791946308724833,0.13333333333333333,0,0,0,0,0,0,0,0,1,0
484,0.49375,100,0.2698412698412699,0.6625194401244168,0.3125,0.2937062937062937,0.087248322147651,0.21481481481481482,0,0,0,0,0,0,0,0,0,1
485,0.65625,100,0.06878306878306883,0.8615863141524105,0.10416666666666666,0.0979020979020979,0.12080536912751678,0.45925925925925926,0,0,0,0,0,0,0,0,0,1
486,0.46875,100,0.19047619047619058,0.6967340590979783,0.35416666666666663,0.17482517482517482,0.12080536912751678,0.2888888888888889,0,0,0,0,0,0,0,0,0,1
487,0.5375,100,0.23809523809523814,0.702954898911353,0.20833333333333331,0.2867132867132867,0.06040268456375839,0.2888888888888889,0,0,0,0,0,0,0,0,0,1
488,0.31875,100,0.3862433862433863,0.5069984447900466,0.4583333333333333,0.3986013986013986,0.08053691275167785,0.05925925925925926,0,0,0,0,0,0,0,0,0,1
489,0.4375,100,0.26455026455026465,0.6376360808709175,0.375,0.26573426573426573,0.15436241610738255,0.14814814814814814,0,0,0,0,0,0,0,0,0,1
490,0.43125,100,0.29100529100529104,0.6189735614307931,0.25,0.34265734265734266,0.06040268456375839,0.21481481481481482,0,0,0,0,0,0,0,0,0,1
491,0.44375,100,0.22222222222222232,0.6656298600311041,0.3333333333333333,0.22377622377622378,0.15436241610738255,0.20740740740740743,0,0,0,0,0,0,0,0,0,1
492,0.415625,100,0.31746031746031755,0.5956454121306376,0.5625,0.2727272727272727,0.10738255033557047,0.12592592592592594,0,0,0,0,0,0,0,0,0,1
493,0.45625,100,0.17989417989418,0.6967340590979783,0.35416666666666663,0.16083916083916083,0.1476510067114094,0.2740740740740741,0,0,0,0,0,0,0,0,0,1
494,0.4625,100,0.26455026455026465,0.6500777604976672,0.35416666666666663,0.2727272727272727,0.12751677852348994,0.17777777777777778,0,0,0,0,0,0,0,0,0,1
495,0.5,100,0.1428571428571429,0.7402799377916018,0.25,0.14685314685314685,0.35570469798657717,0.0962962962962963,0,0,0,0,0,0,0,0,0,1
496,0.475,100,0.2592592592592593,0.6594090202177294,0.5416666666666666,0.20279720279720279,0.10067114093959731,0.21481481481481482,0,0,0,0,0,0,0,0,0,1
497,0.38125,100,0.23809523809523814,0.6251944012441679,0.375,0.23076923076923078,0.12751677852348994,0.21481481481481482,0,0,0,0,0,0,0,0,0,1
498,0.51875,100,0.15873015873015883,0.7402799377916018,0.2708333333333333,0.16083916083916083,0.22818791946308725,0.21481481481481482,0,0,0,0,0,0,0,0,0,1
499,0.475,100,0.25396825396825407,0.6625194401244168,0.5416666666666666,0.1958041958041958,0.15436241610738255,0.16296296296296298,0,0,0,0,0,0,0,0,0,1
500,0.465625,100,0.2698412698412699,0.6485225505443234,0.375,0.2727272727272727,0.10738255033557047,0.1925925925925926,0,0,0,0,0,0,0,0,0,1
501,0.484375,100,0.21164021164021174,0.6920684292379471,0.47916666666666663,0.16083916083916083,0.174496644295302,0.2,0,0,0,0,0,0,0,0,0,1
502,0.475,100,0.21693121693121697,0.6842923794712286,0.47916666666666663,0.16783216783216784,0.14093959731543626,0.22962962962962963,0,0,0,0,0,0,0,0,0,1
503,0.2625,100,0.44444444444444453,0.4447900466562986,0.2708333333333333,0.5384615384615384,0.013422818791946307,0.05185185185185186,0,0,0,0,0,0,0,0,0,1
504,0.4125,100,0.24338624338624348,0.6376360808709175,0.375,0.23776223776223776,0.15436241610738255,0.17777777777777778,0,0,0,0,0,0,0,0,0,1
505,0.490625,100,0.21693121693121697,0.6920684292379471,0.47916666666666663,0.16783216783216784,0.18120805369127518,0.1851851851851852,0,0,0,0,0,0,0,0,0,1
506,0.553125,100,0.22222222222222232,0.7200622083981337,0.35416666666666663,0.21678321678321677,0.174496644295302,0.1851851851851852,0,0,0,0,0,0,0,0,0,1
507,0.365625,100,0.27513227513227523,0.5956454121306376,0.5416666666666666,0.22377622377622378,0.10738255033557047,0.1851851851851852,0,0,0,0,0,0,0,0,0,1
508,0.38125,100,0.2328042328042329,0.6283048211508553,0.375,0.22377622377622378,0.18791946308724833,0.15555555555555556,0,0,0,0,0,0,0,0,0,1
509,0.921875,100,0.05820105820105825,1.0,0.1875,0.055944055944055944,0.5167785234899329,0.037037037037037035,0,0,0,0,0,0,0,0,0,1
510,0.54375,100,0.22222222222222232,0.7153965785381027,0.41666666666666663,0.1958041958041958,0.15436241610738255,0.20740740740740743,0,0,0,0,0,0,0,0,0,1
511,0.4625,100,0.3227513227513228,0.6158631415241057,0.5208333333333333,0.2937062937062937,0.06040268456375839,0.17037037037037037,0,0,0,0,0,0,0,0,0,1
512,0.45,100,0.20105820105820116,0.6811819595645412,0.25,0.22377622377622378,0.06040268456375839,0.34074074074074073,0,0,0,0,0,0,0,0,0,1
513,0.4875,100,0.24338624338624348,0.6749611197511663,0.5,0.1958041958041958,0.15436241610738255,0.17777777777777778,0,0,0,0,0,0,0,0,0,1
514,0.540625,100,0.21164021164021174,0.7200622083981337,0.35416666666666663,0.20279720279720279,0.18120805369127518,0.1925925925925926,0,0,0,0,0,0,0,0,0,1
515,0.60625,100,0.12169312169312174,0.8055987558320372,0.29166666666666663,0.1048951048951049,0.28859060402684567,0.2,0,0,0,0,0,0,0,0,0,1
516,0.34062499999999996,100,0.28042328042328046,0.5800933125972005,0.5625,0.22377622377622378,0.10738255033557047,0.17777777777777778,0,0,0,0,0,0,0,0,0,1
517,0.4375,100,0.24338624338624348,0.6500777604976672,0.5625,0.17482517482517482,0.1476510067114094,0.1851851851851852,0,0,0,0,0,0,0,0,0,1
518,0.553125,100,0.14814814814814825,0.7636080870917574,0.20833333333333331,0.16783216783216784,0.07382550335570469,0.4,0,0,0,0,0,0,0,0,0,1
519,0.4625,150,0.671957671957672,0.41057542768273714,0.9583333333333333,0.25874125874125875,0.18791946308724833,0.2814814814814815,0,0,0,0,0,1,0,0,0,0
520,0.33125,150,0.7460317460317462,0.30171073094867806,0.8333333333333333,0.3986013986013986,0.12080536912751678,0.2518518518518519,0,0,0,0,0,1,0,0,0,0
521,0.64375,150,0.5185185185185185,0.5909797822706065,0.3958333333333333,0.24475524475524477,0.04697986577181208,0.6518518518518519,0,0,0,0,0,1,0,0,0,0
522,0.80625,150,0.3862433862433863,0.749611197511664,0.375,0.07692307692307693,0.06040268456375839,0.8222222222222223,0,0,0,0,0,1,0,0,0,0
523,0.76875,150,0.306878306878307,0.7776049766718507,0.2708333333333333,0.006993006993006993,0.0,1.0,0,0,0,0,0,1,0,0,0,0
524,0.34375,150,0.7301587301587303,0.317262830482115,1.0,0.32167832167832167,0.1342281879194631,0.25925925925925924,0,0,0,0,0,1,0,0,0,0
525,0.5875,150,0.5291005291005292,0.5567651632970451,0.1875,0.32867132867132864,0.2751677852348993,0.3851851851851852,0,0,0,0,0,1,0,0,0,0
526,1.0,150,0.2328042328042329,0.9362363919129082,0.0,0.0,0.9999999999999999,0.0,0,0,0,0,0,1,0,0,0,0
527,0.525,150,0.6825396825396827,0.4354587869362364,0.4375,0.44755244755244755,0.22818791946308725,0.22222222222222224,0,0,0,0,0,1,0,0,0,0
528,0.8500000000000001,150,0.3015873015873016,0.8211508553654743,0.1875,0.027972027972027972,0.8456375838926175,0.07407407407407407,0,0,0,0,0,1,0,0,0,0
529,0.7125,150,0.417989417989418,0.6842923794712286,0.6041666666666666,0.04195804195804196,0.0,0.8444444444444444,0,0,0,0,0,1,0,0,0,0
530,0.41875,150,0.7142857142857143,0.3639191290824261,0.29166666666666663,0.5384615384615384,0.2684563758389262,0.13333333333333333,0,0,0,0,0,1,0,0,0,0
531,0.7375,150,0.46031746031746035,0.671850699844479,0.2708333333333333,0.2097902097902098,0.04697986577181208,0.7333333333333334,0,0,0,0,0,1,0,0,0,0
532,0.25,150,0.8730158730158731,0.18662519440124414,0.3958333333333333,0.7132867132867133,0.1476510067114094,0.044444444444444446,0,0,0,0,0,1,0,0,0,0
533,0.525,150,0.6984126984126985,0.4261275272161742,0.5416666666666666,0.43356643356643354,0.16778523489932887,0.26666666666666666,0,0,0,0,0,1,0,0,0,0
534,0.71875,150,0.40740740740740744,0.6936236391912908,0.10416666666666666,0.1958041958041958,0.697986577181208,0.08888888888888889,0,0,0,0,0,1,0,0,0,0
535,0.5125,150,0.7142857142857143,0.41057542768273714,0.5625,0.44755244755244755,0.20134228187919465,0.20740740740740743,0,0,0,0,0,1,0,0,0,0
536,0.66875,150,0.634920634920635,0.5349922239502333,0.3958333333333333,0.3986013986013986,0.16107382550335572,0.362962962962963,0,0,0,0,0,1,0,0,0,0
537,0.6,150,0.5343915343915345,0.5598755832037324,0.41666666666666663,0.25874125874125875,0.42953020134228187,0.20740740740740743,0,0,0,0,0,1,0,0,0,0
538,0.73125,150,0.5396825396825397,0.6220839813374806,0.4375,0.25874125874125875,0.4899328859060403,0.13333333333333333,0,0,0,0,0,1,0,0,0,0
539,0.8187500000000001,150,0.35449735449735453,0.7744945567651633,0.10416666666666666,0.1258741258741259,0.7785234899328859,0.07407407407407407,0,0,0,0,0,1,0,0,0,0
540,0.46875,150,0.6296296296296297,0.4385692068429238,0.5625,0.3356643356643357,0.2080536912751678,0.31851851851851853,0,0,0,0,0,1,0,0,0,0
541,0.32499999999999996,150,0.7883597883597885,0.2737169517884914,0.2708333333333333,0.6433566433566433,0.006711409395973154,0.31851851851851853,0,0,0,0,0,1,0,0,0,0
542,0.45625,150,0.6137566137566138,0.44167962674961114,0.3333333333333333,0.3916083916083916,0.4429530201342282,0.08148148148148149,0,0,0,0,0,1,0,0,0,0
543,0.55625,150,0.5661375661375662,0.5194401244167962,0.5208333333333333,0.26573426573426573,0.28187919463087246,0.32592592592592595,0,0,0,0,0,1,0,0,0,0
544,0.34375,150,0.7566137566137566,0.30171073094867806,0.41666666666666663,0.5524475524475524,0.11409395973154361,0.24444444444444446,0,0,0,0,0,1,0,0,0,0
545,0.69375,150,0.3756613756613757,0.6998444790046656,0.041666666666666664,0.17482517482517482,0.8053691275167785,0.014814814814814815,0,0,0,0,0,1,0,0,0,0
546,0.25,150,0.761904761904762,0.25194401244167963,0.3333333333333333,0.5874125874125874,0.03355704697986577,0.32592592592592595,0,0,0,0,0,1,0,0,0,0
547,0.10625000000000001,150,1.0,0.04043545878693622,0.041666666666666664,1.0,0.006711409395973154,0.022222222222222223,0,0,0,0,0,1,0,0,0,0
548,0.61875,150,0.5661375661375662,0.5505443234836702,0.2708333333333333,0.34965034965034963,0.10067114093959731,0.5259259259259259,0,0,0,0,0,1,0,0,0,0
549,0.25625,150,0.8201058201058201,0.22083981337480563,0.7083333333333333,0.5384615384615384,0.04026845637583893,0.23703703703703705,0,0,0,0,0,1,0,0,0,0
550,0.3375,150,0.7354497354497355,0.3110419906687403,0.35416666666666663,0.5454545454545454,0.20134228187919465,0.17777777777777778,0,0,0,0,0,1,0,0,0,0
551,0.35,150,0.6560846560846562,0.3639191290824261,0.5833333333333333,0.36363636363636365,0.2550335570469799,0.22962962962962963,0,0,0,0,0,1,0,0,0,0
552,0.8812500000000001,150,0.2857142857142858,0.8460342146189735,0.041666666666666664,0.055944055944055944,0.9194630872483222,0.014814814814814815,0,0,0,0,0,1,0,0,0,0
553,0.006249999999999978,150,0.9841269841269843,0.0,0.5625,0.8041958041958042,0.020134228187919462,0.02962962962962963,0,0,0,0,0,1,0,0,0,0
554,0.55625,150,0.6931216931216931,0.4447900466562986,0.625,0.3986013986013986,0.10067114093959731,0.34814814814814815,0,0,0,0,0,1,0,0,0,0
555,0.69375,150,0.4973544973544973,0.6283048211508553,0.2708333333333333,0.25874125874125875,0.2348993288590604,0.4740740740740741,0,0,0,0,0,1,0,0,0,0
556,0.8375,150,0.25396825396825407,0.8429237947122861,0.041666666666666664,0.013986013986013986,0.9530201342281879,0.022222222222222223,0,0,0,0,0,1,0,0,0,0
557,0.54375,150,0.5820105820105822,0.5038880248833593,0.3958333333333333,0.32867132867132864,0.38926174496644295,0.1851851851851852,0,0,0,0,0,1,0,0,0,0
558,0.55625,150,0.6931216931216931,0.4447900466562986,0.625,0.3986013986013986,0.2348993288590604,0.2,0,0,0,0,0,1,0,0,0,0
559,0.53125,150,0.6507936507936508,0.4572317262830482,0.5625,0.36363636363636365,0.24161073825503357,0.2518518518518519,0,0,0,0,0,1,0,0,0,0
560,0.6,150,0.5396825396825397,0.5567651632970451,0.375,0.27972027972027974,0.5302013422818792,0.08888888888888889,0,0,0,0,0,1,0,0,0,0
561,0.63125,150,0.6031746031746034,0.5349922239502333,0.375,0.36363636363636365,0.18120805369127518,0.3851851851851852,0,0,0,0,0,1,0,0,0,0
562,0.50625,150,0.5661375661375662,0.49455676516329705,0.10416666666666666,0.40559440559440557,0.2953020134228188,0.3111111111111111,0,0,0,0,0,1,0,0,0,0
563,0.36875,150,0.7936507936507938,0.29237947122861585,0.5208333333333333,0.5664335664335665,0.087248322147651,0.22222222222222224,0,0,0,0,0,1,0,0,0,0
564,0.825,150,0.26455026455026465,0.8304821150855365,0.08333333333333333,0.013986013986013986,0.1342281879194631,0.9111111111111111,0,0,0,0,0,1,0,0,0,0
565,0.58125,150,0.5820105820105822,0.5225505443234837,0.35416666666666663,0.34265734265734266,0.08053691275167785,0.5259259259259259,0,0,0,0,0,1,0,0,0,0
566,0.55625,150,0.6137566137566138,0.4914463452566096,0.6875,0.2727272727272727,0.2214765100671141,0.32592592592592595,0,0,0,0,0,1,0,0,0,0
567,0.5125,150,0.7195767195767196,0.40746500777604977,0.35416666666666663,0.5244755244755245,0.16107382550335572,0.24444444444444446,0,0,0,0,0,1,0,0,0,0
568,0.35,150,0.7407407407407408,0.31415241057542764,0.5416666666666666,0.48951048951048953,0.10067114093959731,0.2814814814814815,0,0,0,0,0,1,0,0,0,0
569,0.6,150,0.6296296296296297,0.5038880248833593,0.4375,0.3776223776223776,0.18120805369127518,0.34814814814814815,0,0,0,0,0,1,0,0,0,0
570,0.6875,150,0.4126984126984128,0.6749611197511663,0.20833333333333331,0.16783216783216784,0.16778523489932887,0.6666666666666667,0,0,0,0,0,1,0,0,0,0
571,0.46875,150,0.6455026455026457,0.42923794712286156,0.6458333333333333,0.32867132867132864,0.12751677852348994,0.3851851851851852,0,0,0,0,0,1,0,0,0,0
572,0.61875,150,0.6507936507936508,0.5007776049766718,0.875,0.25874125874125875,0.20134228187919465,0.2962962962962963,0,0,0,0,0,1,0,0,0,0
573,0.8375,150,0.3756613756613757,0.7713841368584758,0.10416666666666666,0.15384615384615385,0.06711409395973154,0.8296296296296297,0,0,0,0,0,1,0,0,0,0
574,0.32499999999999996,150,0.814814814814815,0.25816485225505437,0.3958333333333333,0.6363636363636364,0.087248322147651,0.1925925925925926,0,0,0,0,0,1,0,0,0,0
575,1.0,150,0.2328042328042329,0.9362363919129082,0.0,0.0,0.9999999999999999,0.0,0,0,0,0,0,1,0,0,0,0
576,0.5125,150,0.687830687830688,0.4261275272161742,0.6875,0.3706293706293706,0.21476510067114093,0.22962962962962963,0,0,0,0,0,0,0,1,0,0
577,0.55,150,0.6031746031746034,0.49455676516329705,0.41666666666666663,0.34965034965034963,0.15436241610738255,0.41481481481481486,0,0,0,0,0,0,0,1,0,0
578,0.9,150,0.33333333333333337,0.8273716951788491,0.14583333333333331,0.08391608391608392,0.7785234899328859,0.10370370370370371,0,0,0,0,0,0,0,1,0,0
579,0.5625,150,0.6613756613756615,0.4665629860031104,0.5833333333333333,0.3706293706293706,0.15436241610738255,0.33333333333333337,0,0,0,0,0,0,0,1,0,0
580,0.46875,150,0.7301587301587303,0.37947122861586313,0.6041666666666666,0.45454545454545453,0.12080536912751678,0.2740740740740741,0,0,0,0,0,0,0,1,0,0
581,0.79375,150,0.5185185185185185,0.6656298600311041,0.35416666666666663,0.25874125874125875,0.4228187919463087,0.23703703703703705,0,0,0,0,0,0,0,1,0,0
582,0.8125,150,0.4285714285714286,0.7278382581648521,0.10416666666666666,0.22377622377622378,0.1342281879194631,0.6814814814814815,0,0,0,0,0,0,0,1,0,0
583,0.3375,150,0.7142857142857143,0.32348367029548986,0.10416666666666666,0.6013986013986014,0.020134228187919462,0.40740740740740744,0,0,0,0,0,0,0,1,0,0
584,0.58125,150,0.6137566137566138,0.5038880248833593,0.625,0.2937062937062937,0.2550335570469799,0.2888888888888889,0,0,0,0,0,0,0,1,0,0
585,0.58125,150,0.6190476190476192,0.5007776049766718,0.6041666666666666,0.3076923076923077,0.38926174496644295,0.13333333333333333,0,0,0,0,0,0,0,1,0,0
586,0.54375,150,0.6931216931216931,0.4385692068429238,0.4375,0.46153846153846156,0.11409395973154361,0.33333333333333337,0,0,0,0,0,0,0,1,0,0
587,0.76875,150,0.4126984126984128,0.7153965785381027,0.08333333333333333,0.2097902097902098,0.0,0.8518518518518519,0,0,0,0,0,0,0,1,0,0
588,0.65625,150,0.47089947089947104,0.6251944012441679,0.3333333333333333,0.20279720279720279,0.436241610738255,0.2888888888888889,0,0,0,0,0,0,0,1,0,0
589,0.8375,150,0.32804232804232814,0.7993779160186625,0.1875,0.06293706293706294,0.6442953020134228,0.25925925925925924,0,0,0,0,0,0,0,1,0,0
590,0.5625,150,0.5608465608465608,0.5256609642301711,0.5416666666666666,0.2517482517482518,0.5302013422818792,0.05925925925925926,0,0,0,0,0,0,0,1,0,0
591,0.55625,150,0.6984126984126985,0.44167962674961114,0.8333333333333333,0.3356643356643357,0.18120805369127518,0.2518518518518519,0,0,0,0,0,0,0,1,0,0
592,0.55,150,0.5185185185185185,0.5443234836702955,0.41666666666666663,0.23776223776223776,0.48322147651006714,0.17037037037037037,0,0,0,0,0,0,0,1,0,0
593,0.6875,150,0.5238095238095238,0.6096423017107309,0.22916666666666666,0.3076923076923077,0.348993288590604,0.3111111111111111,0,0,0,0,0,0,0,1,0,0
594,0.54375,150,0.6137566137566138,0.48522550544323484,0.22916666666666666,0.42657342657342656,0.10738255033557047,0.4518518518518519,0,0,0,0,0,0,0,1,0,0
595,0.725,150,0.5291005291005292,0.6251944012441679,0.6458333333333333,0.17482517482517482,0.1476510067114094,0.5259259259259259,0,0,0,0,0,0,0,1,0,0
596,0.61875,150,0.5661375661375662,0.5505443234836702,0.5208333333333333,0.26573426573426573,0.06711409395973154,0.562962962962963,0,0,0,0,0,0,0,1,0,0
597,0.68125,150,0.47089947089947104,0.6376360808709175,0.3333333333333333,0.20279720279720279,0.5570469798657718,0.15555555555555556,0,0,0,0,0,0,0,1,0,0
598,0.8,150,0.455026455026455,0.7060653188180404,0.10416666666666666,0.25874125874125875,0.6644295302013423,0.05925925925925926,0,0,0,0,0,0,0,1,0,0
599,0.3,150,0.7724867724867727,0.27060653188180406,0.3333333333333333,0.6013986013986014,0.16107382550335572,0.17037037037037037,0,0,0,0,0,0,0,1,0,0
600,0.525,150,0.6296296296296297,0.4665629860031104,0.3333333333333333,0.4125874125874126,0.026845637583892617,0.5185185185185185,0,0,0,0,0,0,0,1,0,0
601,0.36875,150,0.671957671957672,0.3639191290824261,0.8333333333333333,0.3006993006993007,0.16778523489932887,0.3037037037037037,0,0,0,0,0,0,0,1,0,0
602,0.40625,150,0.7195767195767196,0.35458786936236386,0.47916666666666663,0.4825174825174825,0.10067114093959731,0.3111111111111111,0,0,0,0,0,0,0,1,0,0
603,0.45,150,0.5925925925925927,0.45101088646967336,0.5,0.3076923076923077,0.16778523489932887,0.41481481481481486,0,0,0,0,0,0,0,1,0,0
604,0.7875,150,0.26455026455026465,0.8118195956454121,0.10416666666666666,0.006993006993006993,0.9328859060402684,0.02962962962962963,0,0,0,0,0,0,0,1,0,0
605,0.49375,150,0.6137566137566138,0.46034214618973557,0.47916666666666663,0.34265734265734266,0.4161073825503356,0.11111111111111112,0,0,0,0,0,0,0,1,0,0
606,0.625,150,0.6507936507936508,0.5038880248833593,0.6875,0.32167832167832167,0.19463087248322147,0.3037037037037037,0,0,0,0,0,0,0,1,0,0
607,0.7375,150,0.5343915343915345,0.6283048211508553,0.41666666666666663,0.25874125874125875,0.10738255033557047,0.562962962962963,0,0,0,0,0,0,0,1,0,0
608,0.70625,150,0.48677248677248686,0.640746500777605,0.3333333333333333,0.22377622377622378,0.5436241610738255,0.14814814814814814,0,0,0,0,0,0,0,1,0,0
609,0.66875,150,0.5502645502645503,0.5847589424572317,0.5625,0.23076923076923078,0.2080536912751678,0.42962962962962964,0,0,0,0,0,0,0,1,0,0
610,0.2875,150,0.7671957671957673,0.2674961119751166,0.5,0.5384615384615384,0.12080536912751678,0.22222222222222224,0,0,0,0,0,0,0,1,0,0
611,0.725,150,0.5291005291005292,0.6251944012441679,0.8333333333333333,0.11188811188811189,0.46308724832214765,0.17777777777777778,0,0,0,0,0,0,0,1,0,0
612,0.56875,150,0.724867724867725,0.43234836702954893,0.5,0.4825174825174825,0.08053691275167785,0.32592592592592595,0,0,0,0,0,0,0,1,0,0
613,0.8,150,0.42328042328042337,0.7247278382581648,0.10416666666666666,0.21678321678321677,0.30201342281879195,0.5037037037037038,0,0,0,0,0,0,0,1,0,0
614,0.7125,150,0.4285714285714286,0.6780715396578538,0.375,0.13286713286713286,0.24161073825503357,0.562962962962963,0,0,0,0,0,0,0,1,0,0
615,0.68125,150,0.5238095238095238,0.6065318818040435,0.5208333333333333,0.2097902097902098,0.28859060402684567,0.37777777777777777,0,0,0,0,0,0,0,1,0,0
616,0.30625,150,0.8412698412698413,0.2332814930015552,0.22916666666666666,0.7272727272727273,0.03355704697986577,0.21481481481481482,0,0,0,0,0,0,0,1,0,0
